code_index,code_id,code_ca,id,category,trace,index,labs,epic,rna_seq,wgs,atac_seq
G1-1,G1-54,G1,54,[Human Feotal Primary Tissue],G1,1,Edinburgh,FALSE,FALSE,FALSE,TRUE
G1-1-1,G1-54-490,G1,490,[Human Neural Stem Cell Line],54,1,Spain,TRUE,TRUE,TRUE,FALSE
G1-1-1-1,G1-54-490-125,G1,125,[Isogenic Gene Cell Line],490,1,Edinburgh,TRUE,TRUE,TRUE,TRUE
G1-1-2,G1-54-143,G1,143,[Human Neural Stem Cell Line],54,2,UCL,TRUE,TRUE,FALSE,TRUE
G1-1-2-1,G1-54-143-167,G1,167,[Isogenic Gene Cell Line],143,1,Edinburgh,TRUE,TRUE,TRUE,TRUE
G1-2,G1-84,G1,84,[Human Feotal Primary Tissue],G1,2,UCL,TRUE,TRUE,TRUE,FALSE
G1-2-1,G1-84-32,G1,32,[Human Neural Stem Cell Line],84,1,Edinburgh,TRUE,TRUE,FALSE,FALSE
G1-2-1-1,G1-84-32-238,G1,238,[Isogenic Gene Cell Line],32,1,UCL,FALSE,FALSE,FALSE,TRUE
G10-1,G10-228,G10,228,[Human Feotal Primary Tissue],G10,1,Edinburgh,TRUE,TRUE,TRUE,TRUE
G10-1-1,G10-228-322,G10,322,[Human Neural Stem Cell Line],228,1,Edinburgh,FALSE,FALSE,TRUE,FALSE
G10-2,G10-71,G10,71,[Primary Tumour Tissue],G10,2,UCL,TRUE,TRUE,TRUE,TRUE
G10-2-1,G10-71-445,G10,445,[GBM Cell Line],71,1,Edinburgh,TRUE,FALSE,FALSE,FALSE
G10-2-1-1,G10-71-445-407,G10,407,[Engineered GBM Cell Line],445,1,Spain,FALSE,TRUE,FALSE,FALSE
G10-2-1-1-1,G10-71-445-407-323,G10,323,[Xenograph Derive Cell Line],407,1,UCL,FALSE,FALSE,FALSE,TRUE
G10-2-1-1-2,G10-71-445-407-124,G10,124,[Xenograph Derive Cell Line],407,2,UCL,TRUE,FALSE,TRUE,TRUE
G10-2-2,G10-71-176,G10,176,[GBM Cell Line],71,2,UCL,TRUE,FALSE,FALSE,TRUE
G10-3,G10-303,G10,303,[Primary Tumour Tissue],G10,3,Spain,TRUE,FALSE,TRUE,TRUE
G11-1,G11-148,G11,148,[Peripheral Blood Mononuclear Cell],G11,1,Edinburgh,FALSE,FALSE,FALSE,FALSE
G12-1,G12-28,G12,28,[Primary Tumour Tissue],G12,1,UCL,FALSE,TRUE,TRUE,TRUE
G12-1-1,G12-28-437,G12,437,[GBM Cell Line],28,1,Edinburgh,TRUE,FALSE,TRUE,TRUE
G12-1-1-1,G12-28-437-269,G12,269,[Engineered GBM Cell Line],437,1,UCL,TRUE,TRUE,FALSE,TRUE
G12-1-1-1-1,G12-28-437-269-454,G12,454,[Xenograph Derive Cell Line],269,1,Edinburgh,TRUE,TRUE,FALSE,TRUE
G12-1-1-1-2,G12-28-437-269-38,G12,38,[Xenograph Derive Cell Line],269,2,Edinburgh,FALSE,TRUE,FALSE,TRUE
G12-1-1-1-3,G12-28-437-269-336,G12,336,[Xenograph Derive Cell Line],269,3,UCL,FALSE,TRUE,FALSE,TRUE
G12-2,G12-481,G12,481,[Human Feotal Primary Tissue],G12,2,Spain,TRUE,TRUE,FALSE,TRUE
G12-2-1,G12-481-276,G12,276,[Human Neural Stem Cell Line],481,1,Edinburgh,TRUE,TRUE,TRUE,FALSE
G12-2-2,G12-481-418,G12,418,[Human Neural Stem Cell Line],481,2,Spain,TRUE,TRUE,TRUE,FALSE
G12-2-2-1,G12-481-418-466,G12,466,[Isogenic Gene Cell Line],418,1,Edinburgh,TRUE,TRUE,FALSE,FALSE
G12-2-3,G12-481-137,G12,137,[Human Neural Stem Cell Line],481,3,UCL,TRUE,TRUE,FALSE,TRUE
G12-2-3-1,G12-481-137-471,G12,471,[Isogenic Gene Cell Line],137,1,Edinburgh,TRUE,FALSE,FALSE,FALSE
G12-2-3-2,G12-481-137-313,G12,313,[Isogenic Gene Cell Line],137,2,Edinburgh,TRUE,FALSE,TRUE,TRUE
G12-3,G12-308,G12,308,[Primary Tumour Tissue],G12,3,UCL,TRUE,FALSE,TRUE,FALSE
G12-3-1,G12-308-495,G12,495,[GBM Cell Line],308,1,UCL,TRUE,FALSE,FALSE,TRUE
G12-4,G12-192,G12,192,[Primary Tumour Tissue],G12,4,UCL,TRUE,FALSE,TRUE,TRUE
G12-4-1,G12-192-173,G12,173,[GBM Cell Line],192,1,UCL,TRUE,TRUE,FALSE,TRUE
G12-4-1-1,G12-192-173-103,G12,103,[Engineered GBM Cell Line],173,1,Edinburgh,TRUE,FALSE,FALSE,TRUE
G13-1,G13-55,G13,55,[Human Feotal Primary Tissue],G13,1,Spain,TRUE,FALSE,FALSE,FALSE
G13-1-1,G13-55-434,G13,434,[Human Neural Stem Cell Line],55,1,Spain,TRUE,FALSE,TRUE,TRUE
G13-2,G13-494,G13,494,[Human Feotal Primary Tissue],G13,2,UCL,TRUE,FALSE,TRUE,TRUE
G13-2-1,G13-494-94,G13,94,[Human Neural Stem Cell Line],494,1,Spain,TRUE,TRUE,FALSE,TRUE
G13-2-1-1,G13-494-94-458,G13,458,[Isogenic Gene Cell Line],94,1,UCL,TRUE,FALSE,FALSE,FALSE
G13-2-1-2,G13-494-94-299,G13,299,[Isogenic Gene Cell Line],94,2,UCL,TRUE,FALSE,FALSE,TRUE
G13-3,G13-242,G13,242,[Primary Tumour Tissue],G13,3,UCL,TRUE,FALSE,TRUE,TRUE
G13-3-1,G13-242-413,G13,413,[GBM Cell Line],242,1,Edinburgh,TRUE,TRUE,FALSE,TRUE
G13-4,G13-469,G13,469,[Human Feotal Primary Tissue],G13,4,UCL,TRUE,TRUE,FALSE,TRUE
G13-5,G13-108,G13,108,[Primary Tumour Tissue],G13,5,Edinburgh,FALSE,FALSE,TRUE,TRUE
G13-5-1,G13-108-95,G13,95,[GBM Cell Line],108,1,Spain,TRUE,FALSE,TRUE,TRUE
G13-5-2,G13-108-307,G13,307,[GBM Cell Line],108,2,Edinburgh,TRUE,TRUE,FALSE,FALSE
G13-5-2-1,G13-108-307-24,G13,24,[Engineered GBM Cell Line],307,1,Edinburgh,TRUE,TRUE,TRUE,TRUE
G13-5-2-1-1,G13-108-307-24-447,G13,447,[Xenograph Derive Cell Line],24,1,Edinburgh,TRUE,FALSE,FALSE,FALSE
G13-5-2-1-2,G13-108-307-24-292,G13,292,[Xenograph Derive Cell Line],24,2,UCL,TRUE,FALSE,FALSE,TRUE
G13-5-2-2,G13-108-307-58,G13,58,[Engineered GBM Cell Line],307,2,UCL,TRUE,FALSE,TRUE,TRUE
G13-5-2-3,G13-108-307-351,G13,351,[Engineered GBM Cell Line],307,3,Edinburgh,TRUE,FALSE,FALSE,FALSE
G13-5-2-3-1,G13-108-307-351-217,G13,217,[Xenograph Derive Cell Line],351,1,Edinburgh,TRUE,FALSE,FALSE,TRUE
G13-6,G13-405,G13,405,[Human Feotal Primary Tissue],G13,6,Edinburgh,TRUE,FALSE,TRUE,FALSE
G13-6-1,G13-405-29,G13,29,[Human Neural Stem Cell Line],405,1,UCL,TRUE,TRUE,FALSE,TRUE
G13-6-1-1,G13-405-29-285,G13,285,[Isogenic Gene Cell Line],29,1,Edinburgh,TRUE,TRUE,TRUE,TRUE
G13-6-1-2,G13-405-29-265,G13,265,[Isogenic Gene Cell Line],29,2,Edinburgh,TRUE,FALSE,FALSE,TRUE
G13-6-2,G13-405-479,G13,479,[Human Neural Stem Cell Line],405,2,Edinburgh,TRUE,FALSE,TRUE,TRUE
G13-6-2-1,G13-405-479-195,G13,195,[Isogenic Gene Cell Line],479,1,UCL,TRUE,FALSE,FALSE,FALSE
G13-7,G13-492,G13,492,[Human Feotal Primary Tissue],G13,7,Spain,TRUE,TRUE,FALSE,TRUE
G13-8,G13-318,G13,318,[Peripheral Blood Mononuclear Cell],G13,8,Spain,TRUE,FALSE,TRUE,FALSE
G13-9,G13-369,G13,369,[Human Feotal Primary Tissue],G13,9,Edinburgh,FALSE,TRUE,TRUE,FALSE
G13-9-1,G13-369-288,G13,288,[Human Neural Stem Cell Line],369,1,Edinburgh,TRUE,TRUE,FALSE,FALSE
G13-9-1-1,G13-369-288-287,G13,287,[Isogenic Gene Cell Line],288,1,UCL,TRUE,TRUE,TRUE,TRUE
G13-9-1-2,G13-369-288-151,G13,151,[Isogenic Gene Cell Line],288,2,Edinburgh,TRUE,FALSE,TRUE,TRUE
G13-9-2,G13-369-157,G13,157,[Human Neural Stem Cell Line],369,2,Spain,TRUE,FALSE,TRUE,FALSE
G13-9-2-1,G13-369-157-245,G13,245,[Isogenic Gene Cell Line],157,1,Spain,TRUE,FALSE,TRUE,FALSE
G14-1,G14-349,G14,349,[Peripheral Blood Mononuclear Cell],G14,1,Spain,FALSE,TRUE,FALSE,TRUE
G14-1-1,G14-349-12,G14,12,[Patient Derived Neural Stem Cell],349,1,Edinburgh,TRUE,TRUE,TRUE,FALSE
G14-2,G14-26,G14,26,[Human Feotal Primary Tissue],G14,2,Spain,TRUE,TRUE,FALSE,TRUE
G14-2-1,G14-26-156,G14,156,[Human Neural Stem Cell Line],26,1,Edinburgh,FALSE,FALSE,FALSE,TRUE
G14-2-1-1,G14-26-156-473,G14,473,[Isogenic Gene Cell Line],156,1,Spain,FALSE,TRUE,FALSE,FALSE
G14-2-1-2,G14-26-156-226,G14,226,[Isogenic Gene Cell Line],156,2,Edinburgh,TRUE,TRUE,TRUE,TRUE
G14-2-1-3,G14-26-156-229,G14,229,[Isogenic Gene Cell Line],156,3,UCL,TRUE,FALSE,FALSE,TRUE
G14-2-1-4,G14-26-156-64,G14,64,[Isogenic Gene Cell Line],156,4,Spain,TRUE,TRUE,FALSE,TRUE
G14-2-2,G14-26-443,G14,443,[Human Neural Stem Cell Line],26,2,Edinburgh,TRUE,FALSE,TRUE,TRUE
G14-3,G14-41,G14,41,[Peripheral Blood Mononuclear Cell],G14,3,UCL,TRUE,TRUE,FALSE,TRUE
G14-3-1,G14-41-43,G14,43,[Patient Derived Neural Stem Cell],41,1,UCL,TRUE,TRUE,TRUE,TRUE
G14-4,G14-295,G14,295,[Peripheral Blood Mononuclear Cell],G14,4,UCL,TRUE,FALSE,TRUE,TRUE
G14-4-1,G14-295-101,G14,101,[Patient Derived Neural Stem Cell],295,1,Edinburgh,TRUE,TRUE,FALSE,FALSE
G14-4-2,G14-295-422,G14,422,[Patient Derived Neural Stem Cell],295,2,Edinburgh,TRUE,TRUE,FALSE,TRUE
G15-1,G15-401,G15,401,[Primary Tumour Tissue],G15,1,Edinburgh,TRUE,FALSE,TRUE,FALSE
G15-10,G15-251,G15,251,[Peripheral Blood Mononuclear Cell],G15,10,UCL,FALSE,TRUE,FALSE,FALSE
G15-10-1,G15-251-175,G15,175,[Patient Derived Neural Stem Cell],251,1,Edinburgh,TRUE,TRUE,FALSE,TRUE
G15-10-2,G15-251-396,G15,396,[Patient Derived Neural Stem Cell],251,2,Spain,TRUE,TRUE,FALSE,TRUE
G15-2,G15-183,G15,183,[Peripheral Blood Mononuclear Cell],G15,2,Spain,TRUE,FALSE,TRUE,FALSE
G15-2-1,G15-183-250,G15,250,[Patient Derived Neural Stem Cell],183,1,Spain,TRUE,TRUE,TRUE,FALSE
G15-3,G15-439,G15,439,[Human Feotal Primary Tissue],G15,3,Edinburgh,TRUE,FALSE,TRUE,TRUE
G15-3-1,G15-439-253,G15,253,[Human Neural Stem Cell Line],439,1,UCL,FALSE,TRUE,FALSE,TRUE
G15-4,G15-419,G15,419,[Primary Tumour Tissue],G15,4,UCL,TRUE,TRUE,FALSE,TRUE
G15-4-1,G15-419-294,G15,294,[GBM Cell Line],419,1,UCL,FALSE,FALSE,FALSE,FALSE
G15-4-1-1,G15-419-294-395,G15,395,[Engineered GBM Cell Line],294,1,Edinburgh,TRUE,FALSE,FALSE,TRUE
G15-4-1-1-1,G15-419-294-395-247,G15,247,[Xenograph Derive Cell Line],395,1,Spain,TRUE,TRUE,TRUE,FALSE
G15-4-1-2,G15-419-294-300,G15,300,[Engineered GBM Cell Line],294,2,Spain,TRUE,FALSE,TRUE,FALSE
G15-4-2,G15-419-468,G15,468,[GBM Cell Line],419,2,UCL,TRUE,TRUE,FALSE,FALSE
G15-4-2-1,G15-419-468-379,G15,379,[Engineered GBM Cell Line],468,1,Edinburgh,TRUE,FALSE,FALSE,FALSE
G15-4-2-1-1,G15-419-468-379-293,G15,293,[Xenograph Derive Cell Line],379,1,UCL,FALSE,FALSE,TRUE,TRUE
G15-5,G15-328,G15,328,[Human Feotal Primary Tissue],G15,5,UCL,TRUE,FALSE,FALSE,TRUE
G15-6,G15-450,G15,450,[Human Feotal Primary Tissue],G15,6,UCL,TRUE,FALSE,FALSE,TRUE
G15-6-1,G15-450-127,G15,127,[Human Neural Stem Cell Line],450,1,Edinburgh,TRUE,FALSE,FALSE,FALSE
G15-6-1-1,G15-450-127-202,G15,202,[Isogenic Gene Cell Line],127,1,Edinburgh,TRUE,FALSE,FALSE,TRUE
G15-6-1-2,G15-450-127-337,G15,337,[Isogenic Gene Cell Line],127,2,Spain,TRUE,TRUE,FALSE,TRUE
G15-6-1-3,G15-450-127-438,G15,438,[Isogenic Gene Cell Line],127,3,UCL,TRUE,FALSE,FALSE,FALSE
G15-6-2,G15-450-73,G15,73,[Human Neural Stem Cell Line],450,2,Spain,TRUE,FALSE,TRUE,TRUE
G15-6-2-1,G15-450-73-428,G15,428,[Isogenic Gene Cell Line],73,1,UCL,TRUE,TRUE,TRUE,TRUE
G15-7,G15-420,G15,420,[Peripheral Blood Mononuclear Cell],G15,7,UCL,TRUE,FALSE,FALSE,TRUE
G15-8,G15-377,G15,377,[Peripheral Blood Mononuclear Cell],G15,8,UCL,TRUE,TRUE,FALSE,FALSE
G15-8-1,G15-377-163,G15,163,[Patient Derived Neural Stem Cell],377,1,Spain,TRUE,TRUE,FALSE,FALSE
G15-9,G15-9,G15,9,[Primary Tumour Tissue],G15,9,Edinburgh,TRUE,TRUE,TRUE,TRUE
G16-1,G16-310,G16,310,[Peripheral Blood Mononuclear Cell],G16,1,Spain,TRUE,FALSE,TRUE,TRUE
G16-2,G16-282,G16,282,[Primary Tumour Tissue],G16,2,Spain,TRUE,TRUE,TRUE,TRUE
G16-2-1,G16-282-357,G16,357,[GBM Cell Line],282,1,Spain,TRUE,FALSE,FALSE,TRUE
G16-2-1-1,G16-282-357-198,G16,198,[Engineered GBM Cell Line],357,1,Spain,TRUE,FALSE,FALSE,FALSE
G16-2-1-1-1,G16-282-357-198-216,G16,216,[Xenograph Derive Cell Line],198,1,Spain,TRUE,TRUE,FALSE,FALSE
G16-2-1-1-2,G16-282-357-198-487,G16,487,[Xenograph Derive Cell Line],198,2,UCL,TRUE,FALSE,FALSE,TRUE
G16-2-1-2,G16-282-357-496,G16,496,[Engineered GBM Cell Line],357,2,Edinburgh,TRUE,TRUE,FALSE,TRUE
G16-2-1-2-1,G16-282-357-496-347,G16,347,[Xenograph Derive Cell Line],496,1,Edinburgh,FALSE,TRUE,FALSE,TRUE
G16-3,G16-429,G16,429,[Human Feotal Primary Tissue],G16,3,Edinburgh,TRUE,FALSE,TRUE,TRUE
G16-4,G16-181,G16,181,[Primary Tumour Tissue],G16,4,Edinburgh,TRUE,FALSE,TRUE,TRUE
G16-4-1,G16-181-391,G16,391,[GBM Cell Line],181,1,Edinburgh,TRUE,FALSE,FALSE,TRUE
G16-4-2,G16-181-412,G16,412,[GBM Cell Line],181,2,Spain,TRUE,FALSE,FALSE,TRUE
G16-5,G16-399,G16,399,[Primary Tumour Tissue],G16,5,Spain,TRUE,TRUE,FALSE,TRUE
G16-5-1,G16-399-132,G16,132,[GBM Cell Line],399,1,Spain,TRUE,TRUE,TRUE,TRUE
G16-5-2,G16-399-81,G16,81,[GBM Cell Line],399,2,UCL,TRUE,FALSE,TRUE,TRUE
G16-6,G16-452,G16,452,[Human Feotal Primary Tissue],G16,6,UCL,TRUE,FALSE,TRUE,FALSE
G17-1,G17-126,G17,126,[Primary Tumour Tissue],G17,1,UCL,FALSE,TRUE,FALSE,FALSE
G17-1-1,G17-126-111,G17,111,[GBM Cell Line],126,1,Spain,TRUE,FALSE,FALSE,TRUE
G17-2,G17-491,G17,491,[Human Feotal Primary Tissue],G17,2,UCL,TRUE,TRUE,FALSE,TRUE
G17-2-1,G17-491-363,G17,363,[Human Neural Stem Cell Line],491,1,Edinburgh,TRUE,TRUE,TRUE,FALSE
G17-2-1-1,G17-491-363-33,G17,33,[Isogenic Gene Cell Line],363,1,Edinburgh,TRUE,TRUE,TRUE,TRUE
G17-2-1-2,G17-491-363-257,G17,257,[Isogenic Gene Cell Line],363,2,Edinburgh,TRUE,TRUE,FALSE,TRUE
G17-3,G17-122,G17,122,[Primary Tumour Tissue],G17,3,Spain,TRUE,FALSE,TRUE,TRUE
G17-4,G17-283,G17,283,[Peripheral Blood Mononuclear Cell],G17,4,Edinburgh,TRUE,FALSE,TRUE,FALSE
G17-5,G17-361,G17,361,[Human Feotal Primary Tissue],G17,5,Edinburgh,TRUE,TRUE,FALSE,TRUE
G17-5-1,G17-361-271,G17,271,[Human Neural Stem Cell Line],361,1,UCL,TRUE,TRUE,TRUE,TRUE
G17-5-1-1,G17-361-271-128,G17,128,[Isogenic Gene Cell Line],271,1,Spain,FALSE,FALSE,FALSE,FALSE
G17-6,G17-135,G17,135,[Human Feotal Primary Tissue],G17,6,UCL,TRUE,TRUE,TRUE,TRUE
G17-6-1,G17-135-455,G17,455,[Human Neural Stem Cell Line],135,1,Spain,TRUE,FALSE,FALSE,TRUE
G17-6-1-1,G17-135-455-218,G17,218,[Isogenic Gene Cell Line],455,1,Edinburgh,FALSE,FALSE,TRUE,TRUE
G17-6-1-2,G17-135-455-61,G17,61,[Isogenic Gene Cell Line],455,2,Edinburgh,FALSE,TRUE,TRUE,FALSE
G17-6-1-3,G17-135-455-446,G17,446,[Isogenic Gene Cell Line],455,3,UCL,TRUE,FALSE,TRUE,FALSE
G17-6-2,G17-135-376,G17,376,[Human Neural Stem Cell Line],135,2,Spain,TRUE,TRUE,FALSE,TRUE
G17-6-2-1,G17-135-376-244,G17,244,[Isogenic Gene Cell Line],376,1,Edinburgh,FALSE,TRUE,TRUE,TRUE
G17-6-2-2,G17-135-376-129,G17,129,[Isogenic Gene Cell Line],376,2,Spain,FALSE,FALSE,FALSE,FALSE
G17-7,G17-117,G17,117,[Human Feotal Primary Tissue],G17,7,Spain,TRUE,TRUE,FALSE,TRUE
G17-8,G17-249,G17,249,[Primary Tumour Tissue],G17,8,Spain,TRUE,FALSE,FALSE,TRUE
G17-9,G17-278,G17,278,[Human Feotal Primary Tissue],G17,9,UCL,TRUE,TRUE,FALSE,FALSE
G17-9-1,G17-278-266,G17,266,[Human Neural Stem Cell Line],278,1,Edinburgh,TRUE,FALSE,FALSE,TRUE
G17-9-1-1,G17-278-266-335,G17,335,[Isogenic Gene Cell Line],266,1,UCL,TRUE,FALSE,TRUE,FALSE
G17-9-1-2,G17-278-266-260,G17,260,[Isogenic Gene Cell Line],266,2,UCL,FALSE,TRUE,TRUE,TRUE
G17-9-2,G17-278-372,G17,372,[Human Neural Stem Cell Line],278,2,Spain,TRUE,FALSE,TRUE,TRUE
G17-9-3,G17-278-416,G17,416,[Human Neural Stem Cell Line],278,3,Spain,TRUE,TRUE,FALSE,FALSE
G17-9-4,G17-278-355,G17,355,[Human Neural Stem Cell Line],278,4,Spain,TRUE,TRUE,FALSE,FALSE
G18-1,G18-82,G18,82,[Human Feotal Primary Tissue],G18,1,Edinburgh,TRUE,TRUE,TRUE,FALSE
G18-2,G18-105,G18,105,[Human Feotal Primary Tissue],G18,2,UCL,TRUE,TRUE,FALSE,TRUE
G18-3,G18-311,G18,311,[Human Feotal Primary Tissue],G18,3,UCL,TRUE,TRUE,TRUE,TRUE
G18-4,G18-234,G18,234,[Human Feotal Primary Tissue],G18,4,UCL,TRUE,TRUE,TRUE,TRUE
G18-5,G18-406,G18,406,[Peripheral Blood Mononuclear Cell],G18,5,UCL,TRUE,FALSE,FALSE,TRUE
G18-6,G18-385,G18,385,[Human Feotal Primary Tissue],G18,6,Edinburgh,FALSE,FALSE,FALSE,TRUE
G18-6-1,G18-385-297,G18,297,[Human Neural Stem Cell Line],385,1,Edinburgh,FALSE,TRUE,FALSE,TRUE
G18-6-1-1,G18-385-297-174,G18,174,[Isogenic Gene Cell Line],297,1,Edinburgh,TRUE,TRUE,TRUE,TRUE
G19-1,G19-267,G19,267,[Peripheral Blood Mononuclear Cell],G19,1,UCL,FALSE,TRUE,FALSE,TRUE
G19-1-1,G19-267-315,G19,315,[Patient Derived Neural Stem Cell],267,1,Spain,FALSE,TRUE,FALSE,FALSE
G19-2,G19-224,G19,224,[Primary Tumour Tissue],G19,2,Spain,TRUE,FALSE,FALSE,TRUE
G19-2-1,G19-224-62,G19,62,[GBM Cell Line],224,1,Edinburgh,FALSE,FALSE,FALSE,TRUE
G19-2-1-1,G19-224-62-146,G19,146,[Engineered GBM Cell Line],62,1,UCL,FALSE,TRUE,FALSE,TRUE
G19-2-1-1-1,G19-224-62-146-482,G19,482,[Xenograph Derive Cell Line],146,1,Spain,TRUE,TRUE,FALSE,FALSE
G19-2-2,G19-224-170,G19,170,[GBM Cell Line],224,2,UCL,TRUE,TRUE,TRUE,FALSE
G19-2-3,G19-224-289,G19,289,[GBM Cell Line],224,3,UCL,FALSE,FALSE,TRUE,FALSE
G19-2-4,G19-224-331,G19,331,[GBM Cell Line],224,4,UCL,TRUE,TRUE,TRUE,TRUE
G19-3,G19-254,G19,254,[Primary Tumour Tissue],G19,3,UCL,FALSE,FALSE,TRUE,FALSE
G19-4,G19-220,G19,220,[Peripheral Blood Mononuclear Cell],G19,4,Edinburgh,TRUE,TRUE,TRUE,TRUE
G19-4-1,G19-220-241,G19,241,[Patient Derived Neural Stem Cell],220,1,Spain,FALSE,FALSE,FALSE,TRUE
G19-4-2,G19-220-474,G19,474,[Patient Derived Neural Stem Cell],220,2,UCL,TRUE,FALSE,TRUE,FALSE
G2-1,G2-53,G2,53,[Primary Tumour Tissue],G2,1,Edinburgh,FALSE,FALSE,FALSE,TRUE
G2-10,G2-232,G2,232,[Peripheral Blood Mononuclear Cell],G2,10,Spain,TRUE,FALSE,FALSE,TRUE
G2-10-1,G2-232-154,G2,154,[Patient Derived Neural Stem Cell],232,1,Edinburgh,TRUE,FALSE,FALSE,TRUE
G2-2,G2-448,G2,448,[Human Feotal Primary Tissue],G2,2,Edinburgh,TRUE,TRUE,TRUE,FALSE
G2-2-1,G2-448-263,G2,263,[Human Neural Stem Cell Line],448,1,UCL,TRUE,FALSE,TRUE,TRUE
G2-2-2,G2-448-499,G2,499,[Human Neural Stem Cell Line],448,2,UCL,TRUE,TRUE,FALSE,TRUE
G2-3,G2-290,G2,290,[Primary Tumour Tissue],G2,3,UCL,TRUE,TRUE,FALSE,TRUE
G2-3-1,G2-290-121,G2,121,[GBM Cell Line],290,1,Spain,TRUE,FALSE,TRUE,TRUE
G2-3-1-1,G2-290-121-453,G2,453,[Engineered GBM Cell Line],121,1,Spain,FALSE,TRUE,FALSE,TRUE
G2-3-1-1-1,G2-290-121-453-240,G2,240,[Xenograph Derive Cell Line],453,1,Edinburgh,TRUE,TRUE,FALSE,TRUE
G2-3-1-2,G2-290-121-155,G2,155,[Engineered GBM Cell Line],121,2,Edinburgh,TRUE,TRUE,FALSE,FALSE
G2-3-2,G2-290-477,G2,477,[GBM Cell Line],290,2,Spain,TRUE,TRUE,FALSE,TRUE
G2-3-2-1,G2-290-477-133,G2,133,[Engineered GBM Cell Line],477,1,Edinburgh,TRUE,TRUE,TRUE,FALSE
G2-3-2-1-1,G2-290-477-133-225,G2,225,[Xenograph Derive Cell Line],133,1,Spain,TRUE,FALSE,FALSE,FALSE
G2-3-3,G2-290-339,G2,339,[GBM Cell Line],290,3,Edinburgh,TRUE,FALSE,FALSE,TRUE
G2-3-3-1,G2-290-339-268,G2,268,[Engineered GBM Cell Line],339,1,Spain,TRUE,FALSE,TRUE,TRUE
G2-3-3-1-1,G2-290-339-268-45,G2,45,[Xenograph Derive Cell Line],268,1,Spain,TRUE,FALSE,FALSE,TRUE
G2-3-4,G2-290-233,G2,233,[GBM Cell Line],290,4,Edinburgh,TRUE,TRUE,TRUE,TRUE
G2-3-4-1,G2-290-233-227,G2,227,[Engineered GBM Cell Line],233,1,Edinburgh,TRUE,FALSE,FALSE,FALSE
G2-3-4-1-1,G2-290-233-227-246,G2,246,[Xenograph Derive Cell Line],227,1,Spain,TRUE,TRUE,TRUE,TRUE
G2-3-4-2,G2-290-233-449,G2,449,[Engineered GBM Cell Line],233,2,Spain,FALSE,TRUE,FALSE,FALSE
G2-3-4-2-1,G2-290-233-449-417,G2,417,[Xenograph Derive Cell Line],449,1,Edinburgh,TRUE,FALSE,FALSE,TRUE
G2-3-4-3,G2-290-233-131,G2,131,[Engineered GBM Cell Line],233,3,Spain,TRUE,TRUE,FALSE,TRUE
G2-3-4-3-1,G2-290-233-131-252,G2,252,[Xenograph Derive Cell Line],131,1,Edinburgh,TRUE,TRUE,FALSE,FALSE
G2-3-4-3-2,G2-290-233-131-305,G2,305,[Xenograph Derive Cell Line],131,2,Spain,TRUE,TRUE,FALSE,TRUE
G2-4,G2-113,G2,113,[Primary Tumour Tissue],G2,4,Spain,TRUE,TRUE,FALSE,FALSE
G2-4-1,G2-113-188,G2,188,[GBM Cell Line],113,1,Spain,TRUE,TRUE,FALSE,TRUE
G2-4-1-1,G2-113-188-4,G2,4,[Engineered GBM Cell Line],188,1,Spain,TRUE,FALSE,FALSE,TRUE
G2-4-1-1-1,G2-113-188-4-364,G2,364,[Xenograph Derive Cell Line],4,1,Spain,TRUE,TRUE,TRUE,TRUE
G2-4-2,G2-113-68,G2,68,[GBM Cell Line],113,2,Spain,TRUE,TRUE,FALSE,FALSE
G2-5,G2-411,G2,411,[Human Feotal Primary Tissue],G2,5,UCL,TRUE,TRUE,TRUE,FALSE
G2-6,G2-273,G2,273,[Peripheral Blood Mononuclear Cell],G2,6,Spain,TRUE,TRUE,FALSE,TRUE
G2-6-1,G2-273-432,G2,432,[Patient Derived Neural Stem Cell],273,1,UCL,TRUE,TRUE,FALSE,TRUE
G2-6-2,G2-273-441,G2,441,[Patient Derived Neural Stem Cell],273,2,Spain,TRUE,TRUE,FALSE,TRUE
G2-6-3,G2-273-483,G2,483,[Patient Derived Neural Stem Cell],273,3,UCL,FALSE,FALSE,FALSE,FALSE
G2-7,G2-425,G2,425,[Primary Tumour Tissue],G2,7,Edinburgh,TRUE,TRUE,TRUE,TRUE
G2-7-1,G2-425-464,G2,464,[GBM Cell Line],425,1,Edinburgh,TRUE,FALSE,TRUE,FALSE
G2-7-1-1,G2-425-464-460,G2,460,[Engineered GBM Cell Line],464,1,Edinburgh,TRUE,FALSE,TRUE,TRUE
G2-7-2,G2-425-76,G2,76,[GBM Cell Line],425,2,UCL,TRUE,TRUE,FALSE,TRUE
G2-7-2-1,G2-425-76-115,G2,115,[Engineered GBM Cell Line],76,1,UCL,TRUE,FALSE,TRUE,TRUE
G2-7-2-1-1,G2-425-76-115-388,G2,388,[Xenograph Derive Cell Line],115,1,Edinburgh,TRUE,TRUE,FALSE,FALSE
G2-7-2-1-2,G2-425-76-115-199,G2,199,[Xenograph Derive Cell Line],115,2,Spain,TRUE,TRUE,FALSE,TRUE
G2-8,G2-8,G2,8,[Peripheral Blood Mononuclear Cell],G2,8,Spain,TRUE,TRUE,FALSE,TRUE
G2-8-1,G2-8-332,G2,332,[Patient Derived Neural Stem Cell],8,1,Spain,TRUE,FALSE,FALSE,TRUE
G2-9,G2-130,G2,130,[Human Feotal Primary Tissue],G2,9,UCL,FALSE,TRUE,FALSE,FALSE
G2-9-1,G2-130-392,G2,392,[Human Neural Stem Cell Line],130,1,Edinburgh,TRUE,FALSE,FALSE,TRUE
G2-9-1-1,G2-130-392-493,G2,493,[Isogenic Gene Cell Line],392,1,Edinburgh,TRUE,FALSE,FALSE,FALSE
G2-9-2,G2-130-97,G2,97,[Human Neural Stem Cell Line],130,2,Spain,TRUE,FALSE,TRUE,TRUE
G20-1,G20-159,G20,159,[Peripheral Blood Mononuclear Cell],G20,1,Spain,TRUE,FALSE,FALSE,FALSE
G20-1-1,G20-159-459,G20,459,[Patient Derived Neural Stem Cell],159,1,UCL,TRUE,TRUE,FALSE,FALSE
G20-2,G20-410,G20,410,[Primary Tumour Tissue],G20,2,Spain,TRUE,TRUE,FALSE,TRUE
G20-2-1,G20-410-367,G20,367,[GBM Cell Line],410,1,Spain,TRUE,TRUE,TRUE,TRUE
G20-2-1-1,G20-410-367-353,G20,353,[Engineered GBM Cell Line],367,1,UCL,TRUE,FALSE,FALSE,TRUE
G20-2-2,G20-410-457,G20,457,[GBM Cell Line],410,2,Edinburgh,TRUE,FALSE,FALSE,TRUE
G20-3,G20-194,G20,194,[Peripheral Blood Mononuclear Cell],G20,3,Spain,TRUE,FALSE,FALSE,TRUE
G20-4,G20-112,G20,112,[Peripheral Blood Mononuclear Cell],G20,4,Edinburgh,TRUE,TRUE,TRUE,TRUE
G20-4-1,G20-112-255,G20,255,[Patient Derived Neural Stem Cell],112,1,UCL,TRUE,FALSE,FALSE,TRUE
G20-5,G20-280,G20,280,[Peripheral Blood Mononuclear Cell],G20,5,Edinburgh,FALSE,FALSE,FALSE,TRUE
G20-5-1,G20-280-489,G20,489,[Patient Derived Neural Stem Cell],280,1,Spain,TRUE,TRUE,FALSE,FALSE
G21-1,G21-362,G21,362,[Peripheral Blood Mononuclear Cell],G21,1,UCL,TRUE,TRUE,TRUE,TRUE
G21-1-1,G21-362-7,G21,7,[Patient Derived Neural Stem Cell],362,1,Edinburgh,TRUE,TRUE,TRUE,FALSE
G21-2,G21-261,G21,261,[Human Feotal Primary Tissue],G21,2,Spain,TRUE,TRUE,FALSE,TRUE
G21-2-1,G21-261-248,G21,248,[Human Neural Stem Cell Line],261,1,Spain,TRUE,FALSE,TRUE,FALSE
G21-2-1-1,G21-261-248-48,G21,48,[Isogenic Gene Cell Line],248,1,UCL,TRUE,FALSE,FALSE,FALSE
G21-3,G21-334,G21,334,[Peripheral Blood Mononuclear Cell],G21,3,Spain,TRUE,FALSE,FALSE,TRUE
G21-3-1,G21-334-11,G21,11,[Patient Derived Neural Stem Cell],334,1,Spain,TRUE,FALSE,FALSE,TRUE
G21-3-2,G21-334-191,G21,191,[Patient Derived Neural Stem Cell],334,2,Edinburgh,TRUE,TRUE,TRUE,FALSE
G21-4,G21-204,G21,204,[Human Feotal Primary Tissue],G21,4,UCL,TRUE,FALSE,TRUE,TRUE
G21-4-1,G21-204-314,G21,314,[Human Neural Stem Cell Line],204,1,Edinburgh,TRUE,FALSE,TRUE,TRUE
G21-4-1-1,G21-204-314-390,G21,390,[Isogenic Gene Cell Line],314,1,Spain,FALSE,FALSE,TRUE,FALSE
G21-4-1-2,G21-204-314-348,G21,348,[Isogenic Gene Cell Line],314,2,Spain,TRUE,TRUE,FALSE,FALSE
G21-4-1-3,G21-204-314-213,G21,213,[Isogenic Gene Cell Line],314,3,Spain,TRUE,TRUE,TRUE,TRUE
G21-5,G21-186,G21,186,[Peripheral Blood Mononuclear Cell],G21,5,UCL,TRUE,FALSE,FALSE,TRUE
G21-5-1,G21-186-15,G21,15,[Patient Derived Neural Stem Cell],186,1,Edinburgh,TRUE,FALSE,FALSE,FALSE
G21-5-2,G21-186-360,G21,360,[Patient Derived Neural Stem Cell],186,2,Edinburgh,TRUE,FALSE,TRUE,TRUE
G21-5-3,G21-186-78,G21,78,[Patient Derived Neural Stem Cell],186,3,Spain,TRUE,TRUE,FALSE,TRUE
G21-5-4,G21-186-136,G21,136,[Patient Derived Neural Stem Cell],186,4,Spain,TRUE,TRUE,FALSE,TRUE
G21-6,G21-387,G21,387,[Human Feotal Primary Tissue],G21,6,Edinburgh,FALSE,TRUE,FALSE,TRUE
G21-7,G21-149,G21,149,[Human Feotal Primary Tissue],G21,7,Spain,FALSE,TRUE,FALSE,TRUE
G22-1,G22-383,G22,383,[Peripheral Blood Mononuclear Cell],G22,1,UCL,TRUE,FALSE,FALSE,TRUE
G22-1-1,G22-383-83,G22,83,[Patient Derived Neural Stem Cell],383,1,UCL,TRUE,TRUE,FALSE,TRUE
G22-2,G22-187,G22,187,[Primary Tumour Tissue],G22,2,Spain,TRUE,FALSE,FALSE,FALSE
G22-2-1,G22-187-274,G22,274,[GBM Cell Line],187,1,UCL,TRUE,TRUE,FALSE,FALSE
G22-2-1-1,G22-187-274-368,G22,368,[Engineered GBM Cell Line],274,1,Spain,TRUE,TRUE,FALSE,FALSE
G22-2-1-2,G22-187-274-435,G22,435,[Engineered GBM Cell Line],274,2,Edinburgh,TRUE,FALSE,FALSE,TRUE
G22-2-1-2-1,G22-187-274-435-177,G22,177,[Xenograph Derive Cell Line],435,1,UCL,TRUE,FALSE,FALSE,TRUE
G22-2-2,G22-187-144,G22,144,[GBM Cell Line],187,2,Spain,TRUE,TRUE,FALSE,TRUE
G22-2-2-1,G22-187-144-338,G22,338,[Engineered GBM Cell Line],144,1,Edinburgh,TRUE,TRUE,TRUE,TRUE
G22-2-2-1-1,G22-187-144-338-63,G22,63,[Xenograph Derive Cell Line],338,1,UCL,TRUE,FALSE,TRUE,TRUE
G22-3,G22-341,G22,341,[Primary Tumour Tissue],G22,3,UCL,TRUE,FALSE,TRUE,TRUE
G22-3-1,G22-341-256,G22,256,[GBM Cell Line],341,1,Spain,FALSE,TRUE,TRUE,TRUE
G23-1,G23-356,G23,356,[Peripheral Blood Mononuclear Cell],G23,1,Spain,TRUE,FALSE,FALSE,TRUE
G23-2,G23-219,G23,219,[Human Feotal Primary Tissue],G23,2,UCL,FALSE,TRUE,FALSE,TRUE
G23-3,G23-23,G23,23,[Primary Tumour Tissue],G23,3,Edinburgh,TRUE,TRUE,TRUE,TRUE
G23-3-1,G23-23-326,G23,326,[GBM Cell Line],23,1,Spain,TRUE,TRUE,FALSE,FALSE
G23-4,G23-400,G23,400,[Primary Tumour Tissue],G23,4,UCL,TRUE,TRUE,FALSE,TRUE
G23-4-1,G23-400-485,G23,485,[GBM Cell Line],400,1,UCL,TRUE,TRUE,FALSE,TRUE
G23-4-2,G23-400-444,G23,444,[GBM Cell Line],400,2,Spain,TRUE,FALSE,FALSE,TRUE
G23-4-3,G23-400-30,G23,30,[GBM Cell Line],400,3,Spain,FALSE,FALSE,FALSE,FALSE
G23-4-4,G23-400-476,G23,476,[GBM Cell Line],400,4,Spain,TRUE,FALSE,FALSE,TRUE
G23-4-4-1,G23-400-476-169,G23,169,[Engineered GBM Cell Line],476,1,UCL,TRUE,FALSE,FALSE,TRUE
G23-4-4-2,G23-400-476-378,G23,378,[Engineered GBM Cell Line],476,2,Edinburgh,TRUE,TRUE,FALSE,TRUE
G23-4-4-2-1,G23-400-476-378-13,G23,13,[Xenograph Derive Cell Line],378,1,UCL,TRUE,FALSE,FALSE,FALSE
G23-4-4-2-2,G23-400-476-378-171,G23,171,[Xenograph Derive Cell Line],378,2,Spain,FALSE,TRUE,TRUE,TRUE
G23-4-4-2-3,G23-400-476-378-321,G23,321,[Xenograph Derive Cell Line],378,3,Edinburgh,TRUE,TRUE,FALSE,TRUE
G23-5,G23-35,G23,35,[Human Feotal Primary Tissue],G23,5,Spain,FALSE,FALSE,FALSE,TRUE
G23-5-1,G23-35-184,G23,184,[Human Neural Stem Cell Line],35,1,Spain,TRUE,FALSE,FALSE,TRUE
G23-6,G23-211,G23,211,[Human Feotal Primary Tissue],G23,6,UCL,FALSE,FALSE,FALSE,TRUE
G23-6-1,G23-211-456,G23,456,[Human Neural Stem Cell Line],211,1,UCL,TRUE,TRUE,TRUE,FALSE
G23-7,G23-398,G23,398,[Primary Tumour Tissue],G23,7,UCL,TRUE,TRUE,FALSE,TRUE
G23-7-1,G23-398-358,G23,358,[GBM Cell Line],398,1,UCL,TRUE,TRUE,FALSE,TRUE
G24-1,G24-461,G24,461,[Peripheral Blood Mononuclear Cell],G24,1,UCL,TRUE,TRUE,FALSE,FALSE
G24-2,G24-89,G24,89,[Peripheral Blood Mononuclear Cell],G24,2,Spain,FALSE,FALSE,TRUE,TRUE
G24-2-1,G24-89-277,G24,277,[Patient Derived Neural Stem Cell],89,1,Edinburgh,TRUE,TRUE,FALSE,FALSE
G24-3,G24-37,G24,37,[Primary Tumour Tissue],G24,3,UCL,TRUE,TRUE,TRUE,TRUE
G24-3-1,G24-37-140,G24,140,[GBM Cell Line],37,1,Edinburgh,TRUE,TRUE,TRUE,TRUE
G24-3-1-1,G24-37-140-346,G24,346,[Engineered GBM Cell Line],140,1,UCL,TRUE,TRUE,TRUE,TRUE
G24-3-2,G24-37-374,G24,374,[GBM Cell Line],37,2,Spain,FALSE,FALSE,FALSE,TRUE
G24-4,G24-119,G24,119,[Peripheral Blood Mononuclear Cell],G24,4,Edinburgh,FALSE,FALSE,TRUE,TRUE
G24-4-1,G24-119-164,G24,164,[Patient Derived Neural Stem Cell],119,1,Spain,TRUE,TRUE,FALSE,TRUE
G24-5,G24-75,G24,75,[Peripheral Blood Mononuclear Cell],G24,5,UCL,FALSE,FALSE,TRUE,TRUE
G24-5-1,G24-75-320,G24,320,[Patient Derived Neural Stem Cell],75,1,Edinburgh,TRUE,FALSE,FALSE,TRUE
G25-1,G25-440,G25,440,[Human Feotal Primary Tissue],G25,1,Edinburgh,TRUE,TRUE,TRUE,TRUE
G25-1-1,G25-440-345,G25,345,[Human Neural Stem Cell Line],440,1,Edinburgh,TRUE,FALSE,FALSE,TRUE
G25-2,G25-329,G25,329,[Human Feotal Primary Tissue],G25,2,Edinburgh,FALSE,FALSE,FALSE,TRUE
G25-2-1,G25-329-98,G25,98,[Human Neural Stem Cell Line],329,1,Spain,TRUE,TRUE,FALSE,FALSE
G25-2-1-1,G25-329-98-291,G25,291,[Isogenic Gene Cell Line],98,1,Spain,TRUE,TRUE,FALSE,TRUE
G25-2-1-2,G25-329-98-402,G25,402,[Isogenic Gene Cell Line],98,2,UCL,TRUE,FALSE,FALSE,FALSE
G25-2-1-3,G25-329-98-152,G25,152,[Isogenic Gene Cell Line],98,3,Spain,TRUE,TRUE,TRUE,FALSE
G25-3,G25-110,G25,110,[Peripheral Blood Mononuclear Cell],G25,3,UCL,TRUE,FALSE,TRUE,FALSE
G25-3-1,G25-110-165,G25,165,[Patient Derived Neural Stem Cell],110,1,Edinburgh,TRUE,FALSE,FALSE,TRUE
G25-3-2,G25-110-304,G25,304,[Patient Derived Neural Stem Cell],110,2,Spain,TRUE,TRUE,FALSE,FALSE
G25-4,G25-109,G25,109,[Peripheral Blood Mononuclear Cell],G25,4,UCL,TRUE,TRUE,FALSE,FALSE
G25-4-1,G25-109-210,G25,210,[Patient Derived Neural Stem Cell],109,1,Edinburgh,TRUE,TRUE,FALSE,TRUE
G25-5,G25-259,G25,259,[Primary Tumour Tissue],G25,5,Spain,TRUE,FALSE,FALSE,TRUE
G25-5-1,G25-259-114,G25,114,[GBM Cell Line],259,1,Edinburgh,TRUE,FALSE,TRUE,TRUE
G25-5-2,G25-259-123,G25,123,[GBM Cell Line],259,2,Spain,TRUE,FALSE,FALSE,TRUE
G25-5-2-1,G25-259-123-258,G25,258,[Engineered GBM Cell Line],123,1,Edinburgh,FALSE,TRUE,TRUE,TRUE
G25-5-2-1-1,G25-259-123-258-354,G25,354,[Xenograph Derive Cell Line],258,1,Spain,TRUE,FALSE,FALSE,TRUE
G25-5-2-1-2,G25-259-123-258-100,G25,100,[Xenograph Derive Cell Line],258,2,Spain,TRUE,TRUE,FALSE,TRUE
G25-5-2-1-3,G25-259-123-258-18,G25,18,[Xenograph Derive Cell Line],258,3,Spain,FALSE,TRUE,TRUE,TRUE
G25-5-3,G25-259-327,G25,327,[GBM Cell Line],259,3,Edinburgh,TRUE,FALSE,TRUE,TRUE
G25-6,G25-414,G25,414,[Primary Tumour Tissue],G25,6,UCL,TRUE,TRUE,TRUE,FALSE
G25-6-1,G25-414-421,G25,421,[GBM Cell Line],414,1,Spain,FALSE,TRUE,FALSE,TRUE
G25-6-1-1,G25-414-421-484,G25,484,[Engineered GBM Cell Line],421,1,UCL,TRUE,FALSE,TRUE,TRUE
G25-6-1-1-1,G25-414-421-484-50,G25,50,[Xenograph Derive Cell Line],484,1,Edinburgh,TRUE,TRUE,FALSE,FALSE
G25-6-1-1-2,G25-414-421-484-172,G25,172,[Xenograph Derive Cell Line],484,2,UCL,TRUE,FALSE,FALSE,TRUE
G25-6-1-2,G25-414-421-393,G25,393,[Engineered GBM Cell Line],421,2,UCL,TRUE,FALSE,TRUE,TRUE
G25-6-1-2-1,G25-414-421-393-16,G25,16,[Xenograph Derive Cell Line],393,1,Edinburgh,TRUE,FALSE,FALSE,TRUE
G25-6-2,G25-414-480,G25,480,[GBM Cell Line],414,2,UCL,FALSE,FALSE,TRUE,TRUE
G25-7,G25-239,G25,239,[Peripheral Blood Mononuclear Cell],G25,7,Spain,TRUE,TRUE,TRUE,FALSE
G25-7-1,G25-239-120,G25,120,[Patient Derived Neural Stem Cell],239,1,Spain,TRUE,TRUE,FALSE,TRUE
G3-1,G3-77,G3,77,[Primary Tumour Tissue],G3,1,Edinburgh,FALSE,TRUE,TRUE,TRUE
G3-10,G3-31,G3,31,[Peripheral Blood Mononuclear Cell],G3,10,UCL,TRUE,FALSE,TRUE,TRUE
G3-2,G3-306,G3,306,[Primary Tumour Tissue],G3,2,Spain,FALSE,FALSE,FALSE,TRUE
G3-2-1,G3-306-162,G3,162,[GBM Cell Line],306,1,Edinburgh,TRUE,FALSE,TRUE,TRUE
G3-2-1-1,G3-306-162-197,G3,197,[Engineered GBM Cell Line],162,1,Edinburgh,FALSE,FALSE,FALSE,TRUE
G3-2-1-1-1,G3-306-162-197-196,G3,196,[Xenograph Derive Cell Line],197,1,Spain,TRUE,TRUE,FALSE,TRUE
G3-2-1-1-2,G3-306-162-197-36,G3,36,[Xenograph Derive Cell Line],197,2,Edinburgh,FALSE,FALSE,TRUE,TRUE
G3-2-1-2,G3-306-162-90,G3,90,[Engineered GBM Cell Line],162,2,Spain,TRUE,TRUE,FALSE,TRUE
G3-2-2,G3-306-465,G3,465,[GBM Cell Line],306,2,UCL,TRUE,FALSE,TRUE,FALSE
G3-2-2-1,G3-306-465-182,G3,182,[Engineered GBM Cell Line],465,1,Edinburgh,FALSE,TRUE,FALSE,FALSE
G3-2-2-1-1,G3-306-465-182-317,G3,317,[Xenograph Derive Cell Line],182,1,UCL,TRUE,TRUE,FALSE,TRUE
G3-3,G3-424,G3,424,[Human Feotal Primary Tissue],G3,3,Spain,FALSE,TRUE,TRUE,TRUE
G3-4,G3-236,G3,236,[Peripheral Blood Mononuclear Cell],G3,4,Spain,FALSE,FALSE,TRUE,TRUE
G3-4-1,G3-236-431,G3,431,[Patient Derived Neural Stem Cell],236,1,Spain,TRUE,FALSE,FALSE,TRUE
G3-5,G3-85,G3,85,[Peripheral Blood Mononuclear Cell],G3,5,Spain,TRUE,FALSE,FALSE,TRUE
G3-5-1,G3-85-80,G3,80,[Patient Derived Neural Stem Cell],85,1,Spain,FALSE,FALSE,FALSE,TRUE
G3-5-2,G3-85-380,G3,380,[Patient Derived Neural Stem Cell],85,2,Spain,TRUE,FALSE,FALSE,TRUE
G3-6,G3-214,G3,214,[Human Feotal Primary Tissue],G3,6,UCL,TRUE,TRUE,FALSE,TRUE
G3-6-1,G3-214-88,G3,88,[Human Neural Stem Cell Line],214,1,UCL,TRUE,FALSE,TRUE,TRUE
G3-6-1-1,G3-214-88-319,G3,319,[Isogenic Gene Cell Line],88,1,UCL,TRUE,TRUE,TRUE,TRUE
G3-6-1-2,G3-214-88-116,G3,116,[Isogenic Gene Cell Line],88,2,Edinburgh,TRUE,FALSE,TRUE,TRUE
G3-6-2,G3-214-74,G3,74,[Human Neural Stem Cell Line],214,2,Edinburgh,TRUE,TRUE,FALSE,TRUE
G3-6-2-1,G3-214-74-436,G3,436,[Isogenic Gene Cell Line],74,1,UCL,TRUE,FALSE,FALSE,TRUE
G3-6-3,G3-214-189,G3,189,[Human Neural Stem Cell Line],214,3,UCL,TRUE,TRUE,FALSE,FALSE
G3-6-3-1,G3-214-189-25,G3,25,[Isogenic Gene Cell Line],189,1,UCL,FALSE,TRUE,TRUE,FALSE
G3-7,G3-342,G3,342,[Peripheral Blood Mononuclear Cell],G3,7,UCL,TRUE,TRUE,TRUE,TRUE
G3-8,G3-160,G3,160,[Peripheral Blood Mononuclear Cell],G3,8,Spain,TRUE,TRUE,FALSE,FALSE
G3-8-1,G3-160-433,G3,433,[Patient Derived Neural Stem Cell],160,1,UCL,TRUE,TRUE,FALSE,FALSE
G3-8-2,G3-160-478,G3,478,[Patient Derived Neural Stem Cell],160,2,Spain,TRUE,TRUE,TRUE,FALSE
G3-9,G3-147,G3,147,[Human Feotal Primary Tissue],G3,9,UCL,TRUE,TRUE,TRUE,TRUE
G4-1,G4-34,G4,34,[Primary Tumour Tissue],G4,1,Edinburgh,FALSE,FALSE,FALSE,FALSE
G4-10,G4-106,G4,106,[Primary Tumour Tissue],G4,10,Edinburgh,TRUE,TRUE,FALSE,TRUE
G4-10-1,G4-106-350,G4,350,[GBM Cell Line],106,1,Edinburgh,TRUE,TRUE,TRUE,TRUE
G4-10-1-1,G4-106-350-208,G4,208,[Engineered GBM Cell Line],350,1,UCL,TRUE,FALSE,TRUE,TRUE
G4-10-1-1-1,G4-106-350-208-498,G4,498,[Xenograph Derive Cell Line],208,1,Edinburgh,FALSE,FALSE,TRUE,FALSE
G4-2,G4-333,G4,333,[Human Feotal Primary Tissue],G4,2,Edinburgh,TRUE,TRUE,FALSE,TRUE
G4-2-1,G4-333-141,G4,141,[Human Neural Stem Cell Line],333,1,UCL,TRUE,FALSE,FALSE,TRUE
G4-2-1-1,G4-333-141-475,G4,475,[Isogenic Gene Cell Line],141,1,Spain,TRUE,TRUE,TRUE,FALSE
G4-3,G4-86,G4,86,[Peripheral Blood Mononuclear Cell],G4,3,Edinburgh,TRUE,TRUE,TRUE,TRUE
G4-4,G4-201,G4,201,[Primary Tumour Tissue],G4,4,UCL,TRUE,FALSE,TRUE,TRUE
G4-4-1,G4-201-312,G4,312,[GBM Cell Line],201,1,UCL,TRUE,TRUE,TRUE,TRUE
G4-4-2,G4-201-497,G4,497,[GBM Cell Line],201,2,Edinburgh,TRUE,TRUE,FALSE,FALSE
G4-5,G4-235,G4,235,[Human Feotal Primary Tissue],G4,5,UCL,TRUE,FALSE,TRUE,TRUE
G4-5-1,G4-235-179,G4,179,[Human Neural Stem Cell Line],235,1,Spain,TRUE,FALSE,TRUE,TRUE
G4-5-1-1,G4-235-179-270,G4,270,[Isogenic Gene Cell Line],179,1,Edinburgh,TRUE,FALSE,FALSE,FALSE
G4-6,G4-69,G4,69,[Primary Tumour Tissue],G4,6,Spain,FALSE,FALSE,FALSE,FALSE
G4-6-1,G4-69-27,G4,27,[GBM Cell Line],69,1,Spain,TRUE,TRUE,FALSE,TRUE
G4-6-2,G4-69-65,G4,65,[GBM Cell Line],69,2,Edinburgh,TRUE,TRUE,FALSE,TRUE
G4-7,G4-180,G4,180,[Peripheral Blood Mononuclear Cell],G4,7,Spain,TRUE,FALSE,FALSE,TRUE
G4-7-1,G4-180-104,G4,104,[Patient Derived Neural Stem Cell],180,1,Edinburgh,TRUE,TRUE,TRUE,TRUE
G4-8,G4-134,G4,134,[Peripheral Blood Mononuclear Cell],G4,8,Spain,TRUE,TRUE,FALSE,TRUE
G4-8-1,G4-134-262,G4,262,[Patient Derived Neural Stem Cell],134,1,Spain,TRUE,FALSE,FALSE,TRUE
G4-8-2,G4-134-430,G4,430,[Patient Derived Neural Stem Cell],134,2,Edinburgh,TRUE,TRUE,TRUE,TRUE
G4-8-3,G4-134-102,G4,102,[Patient Derived Neural Stem Cell],134,3,Spain,TRUE,FALSE,TRUE,TRUE
G4-9,G4-99,G4,99,[Peripheral Blood Mononuclear Cell],G4,9,UCL,TRUE,FALSE,TRUE,TRUE
G4-9-1,G4-99-168,G4,168,[Patient Derived Neural Stem Cell],99,1,Edinburgh,TRUE,TRUE,FALSE,FALSE
G5-1,G5-426,G5,426,[Primary Tumour Tissue],G5,1,UCL,TRUE,TRUE,FALSE,TRUE
G5-1-1,G5-426-309,G5,309,[GBM Cell Line],426,1,Spain,TRUE,FALSE,TRUE,TRUE
G5-2,G5-66,G5,66,[Human Feotal Primary Tissue],G5,2,UCL,TRUE,FALSE,FALSE,TRUE
G5-2-1,G5-66-344,G5,344,[Human Neural Stem Cell Line],66,1,UCL,TRUE,TRUE,TRUE,TRUE
G5-3,G5-10,G5,10,[Human Feotal Primary Tissue],G5,3,Spain,FALSE,FALSE,FALSE,FALSE
G5-3-1,G5-10-408,G5,408,[Human Neural Stem Cell Line],10,1,Spain,TRUE,FALSE,FALSE,TRUE
G5-3-2,G5-10-20,G5,20,[Human Neural Stem Cell Line],10,2,Spain,FALSE,FALSE,FALSE,TRUE
G6-1,G6-138,G6,138,[Peripheral Blood Mononuclear Cell],G6,1,Edinburgh,TRUE,TRUE,TRUE,TRUE
G6-1-1,G6-138-463,G6,463,[Patient Derived Neural Stem Cell],138,1,Edinburgh,TRUE,TRUE,FALSE,FALSE
G6-10,G6-47,G6,47,[Human Feotal Primary Tissue],G6,10,UCL,FALSE,TRUE,TRUE,TRUE
G6-11,G6-92,G6,92,[Human Feotal Primary Tissue],G6,11,Edinburgh,TRUE,FALSE,TRUE,TRUE
G6-2,G6-107,G6,107,[Primary Tumour Tissue],G6,2,UCL,TRUE,TRUE,FALSE,TRUE
G6-2-1,G6-107-231,G6,231,[GBM Cell Line],107,1,Spain,TRUE,FALSE,FALSE,TRUE
G6-2-2,G6-107-272,G6,272,[GBM Cell Line],107,2,Spain,TRUE,TRUE,FALSE,TRUE
G6-3,G6-79,G6,79,[Primary Tumour Tissue],G6,3,Edinburgh,TRUE,FALSE,FALSE,FALSE
G6-3-1,G6-79-394,G6,394,[GBM Cell Line],79,1,UCL,FALSE,TRUE,FALSE,TRUE
G6-3-1-1,G6-79-394-286,G6,286,[Engineered GBM Cell Line],394,1,Spain,TRUE,TRUE,FALSE,TRUE
G6-3-1-1-1,G6-79-394-286-302,G6,302,[Xenograph Derive Cell Line],286,1,Edinburgh,TRUE,FALSE,TRUE,FALSE
G6-3-2,G6-79-325,G6,325,[GBM Cell Line],79,2,UCL,TRUE,FALSE,FALSE,TRUE
G6-3-2-1,G6-79-325-230,G6,230,[Engineered GBM Cell Line],325,1,UCL,TRUE,FALSE,FALSE,FALSE
G6-3-2-1-1,G6-79-325-230-22,G6,22,[Xenograph Derive Cell Line],230,1,Spain,TRUE,TRUE,TRUE,TRUE
G6-3-3,G6-79-296,G6,296,[GBM Cell Line],79,3,Spain,FALSE,TRUE,TRUE,TRUE
G6-3-3-1,G6-79-296-91,G6,91,[Engineered GBM Cell Line],296,1,UCL,FALSE,TRUE,TRUE,TRUE
G6-3-3-1-1,G6-79-296-91-386,G6,386,[Xenograph Derive Cell Line],91,1,UCL,TRUE,FALSE,FALSE,FALSE
G6-3-4,G6-79-222,G6,222,[GBM Cell Line],79,4,Edinburgh,TRUE,TRUE,TRUE,TRUE
G6-3-4-1,G6-79-222-1,G6,1,[Engineered GBM Cell Line],222,1,UCL,TRUE,FALSE,FALSE,TRUE
G6-3-4-1-1,G6-79-222-1-223,G6,223,[Xenograph Derive Cell Line],1,1,Spain,TRUE,TRUE,FALSE,TRUE
G6-3-4-1-2,G6-79-222-1-21,G6,21,[Xenograph Derive Cell Line],1,2,UCL,TRUE,TRUE,FALSE,FALSE
G6-3-4-1-3,G6-79-222-1-486,G6,486,[Xenograph Derive Cell Line],1,3,UCL,TRUE,TRUE,FALSE,TRUE
G6-4,G6-5,G6,5,[Peripheral Blood Mononuclear Cell],G6,4,Spain,TRUE,TRUE,TRUE,FALSE
G6-4-1,G6-5-389,G6,389,[Patient Derived Neural Stem Cell],5,1,Spain,FALSE,FALSE,TRUE,TRUE
G6-5,G6-281,G6,281,[Human Feotal Primary Tissue],G6,5,UCL,FALSE,TRUE,FALSE,TRUE
G6-6,G6-205,G6,205,[Human Feotal Primary Tissue],G6,6,UCL,TRUE,FALSE,TRUE,TRUE
G6-6-1,G6-205-472,G6,472,[Human Neural Stem Cell Line],205,1,Spain,FALSE,TRUE,TRUE,TRUE
G6-6-1-1,G6-205-472-330,G6,330,[Isogenic Gene Cell Line],472,1,UCL,FALSE,FALSE,TRUE,TRUE
G6-6-1-2,G6-205-472-221,G6,221,[Isogenic Gene Cell Line],472,2,Edinburgh,TRUE,TRUE,FALSE,TRUE
G6-6-1-3,G6-205-472-467,G6,467,[Isogenic Gene Cell Line],472,3,UCL,TRUE,TRUE,TRUE,TRUE
G6-7,G6-153,G6,153,[Peripheral Blood Mononuclear Cell],G6,7,Edinburgh,FALSE,FALSE,FALSE,TRUE
G6-7-1,G6-153-324,G6,324,[Patient Derived Neural Stem Cell],153,1,Spain,TRUE,TRUE,FALSE,TRUE
G6-8,G6-470,G6,470,[Primary Tumour Tissue],G6,8,Edinburgh,TRUE,FALSE,FALSE,FALSE
G6-9,G6-178,G6,178,[Primary Tumour Tissue],G6,9,Edinburgh,TRUE,TRUE,FALSE,TRUE
G7-1,G7-275,G7,275,[Primary Tumour Tissue],G7,1,UCL,TRUE,FALSE,FALSE,TRUE
G7-1-1,G7-275-442,G7,442,[GBM Cell Line],275,1,Spain,FALSE,FALSE,TRUE,TRUE
G7-1-1-1,G7-275-442-352,G7,352,[Engineered GBM Cell Line],442,1,UCL,FALSE,FALSE,FALSE,TRUE
G7-1-1-2,G7-275-442-373,G7,373,[Engineered GBM Cell Line],442,2,UCL,FALSE,FALSE,TRUE,TRUE
G7-1-1-2-1,G7-275-442-373-403,G7,403,[Xenograph Derive Cell Line],373,1,Edinburgh,FALSE,FALSE,TRUE,TRUE
G7-2,G7-415,G7,415,[Peripheral Blood Mononuclear Cell],G7,2,UCL,FALSE,FALSE,FALSE,TRUE
G7-3,G7-404,G7,404,[Peripheral Blood Mononuclear Cell],G7,3,UCL,TRUE,FALSE,FALSE,FALSE
G7-3-1,G7-404-375,G7,375,[Patient Derived Neural Stem Cell],404,1,UCL,TRUE,FALSE,FALSE,TRUE
G7-4,G7-161,G7,161,[Primary Tumour Tissue],G7,4,UCL,TRUE,FALSE,FALSE,FALSE
G7-4-1,G7-161-44,G7,44,[GBM Cell Line],161,1,UCL,TRUE,FALSE,FALSE,TRUE
G8-1,G8-3,G8,3,[Peripheral Blood Mononuclear Cell],G8,1,UCL,TRUE,FALSE,TRUE,FALSE
G8-1-1,G8-3-381,G8,381,[Patient Derived Neural Stem Cell],3,1,Spain,TRUE,FALSE,FALSE,FALSE
G8-1-2,G8-3-488,G8,488,[Patient Derived Neural Stem Cell],3,2,UCL,TRUE,TRUE,FALSE,TRUE
G8-2,G8-359,G8,359,[Primary Tumour Tissue],G8,2,UCL,TRUE,TRUE,TRUE,FALSE
G8-2-1,G8-359-370,G8,370,[GBM Cell Line],359,1,Edinburgh,FALSE,FALSE,FALSE,TRUE
G8-3,G8-14,G8,14,[Primary Tumour Tissue],G8,3,UCL,TRUE,FALSE,FALSE,TRUE
G8-3-1,G8-14-371,G8,371,[GBM Cell Line],14,1,UCL,TRUE,FALSE,FALSE,TRUE
G8-3-1-1,G8-14-371-423,G8,423,[Engineered GBM Cell Line],371,1,Spain,TRUE,TRUE,FALSE,TRUE
G8-3-1-1-1,G8-14-371-423-150,G8,150,[Xenograph Derive Cell Line],423,1,UCL,TRUE,TRUE,FALSE,TRUE
G8-3-1-2,G8-14-371-46,G8,46,[Engineered GBM Cell Line],371,2,UCL,TRUE,TRUE,FALSE,FALSE
G8-4,G8-6,G8,6,[Peripheral Blood Mononuclear Cell],G8,4,Spain,FALSE,TRUE,FALSE,TRUE
G8-4-1,G8-6-365,G8,365,[Patient Derived Neural Stem Cell],6,1,Edinburgh,FALSE,FALSE,TRUE,TRUE
G8-5,G8-145,G8,145,[Primary Tumour Tissue],G8,5,Spain,FALSE,TRUE,TRUE,TRUE
G8-5-1,G8-145-200,G8,200,[GBM Cell Line],145,1,Spain,FALSE,FALSE,TRUE,FALSE
G8-5-1-1,G8-145-200-40,G8,40,[Engineered GBM Cell Line],200,1,Spain,FALSE,TRUE,TRUE,FALSE
G8-5-1-1-1,G8-145-200-40-284,G8,284,[Xenograph Derive Cell Line],40,1,UCL,TRUE,FALSE,FALSE,TRUE
G8-5-1-2,G8-145-200-42,G8,42,[Engineered GBM Cell Line],200,2,UCL,TRUE,FALSE,FALSE,FALSE
G8-5-1-2-1,G8-145-200-42-17,G8,17,[Xenograph Derive Cell Line],42,1,UCL,TRUE,FALSE,FALSE,TRUE
G8-5-2,G8-145-343,G8,343,[GBM Cell Line],145,2,Spain,TRUE,FALSE,TRUE,TRUE
G8-5-2-1,G8-145-343-209,G8,209,[Engineered GBM Cell Line],343,1,UCL,TRUE,TRUE,TRUE,TRUE
G8-5-2-1-1,G8-145-343-209-39,G8,39,[Xenograph Derive Cell Line],209,1,UCL,TRUE,FALSE,FALSE,FALSE
G8-5-3,G8-145-93,G8,93,[GBM Cell Line],145,3,UCL,FALSE,FALSE,FALSE,TRUE
G8-5-3-1,G8-145-93-382,G8,382,[Engineered GBM Cell Line],93,1,Spain,FALSE,FALSE,TRUE,TRUE
G8-5-3-1-1,G8-145-93-382-203,G8,203,[Xenograph Derive Cell Line],382,1,UCL,TRUE,TRUE,TRUE,TRUE
G8-5-3-1-2,G8-145-93-382-19,G8,19,[Xenograph Derive Cell Line],382,2,Spain,TRUE,TRUE,TRUE,TRUE
G8-5-3-1-3,G8-145-93-382-207,G8,207,[Xenograph Derive Cell Line],382,3,Spain,TRUE,TRUE,FALSE,TRUE
G8-5-3-1-4,G8-145-93-382-206,G8,206,[Xenograph Derive Cell Line],382,4,Edinburgh,TRUE,FALSE,FALSE,FALSE
G8-6,G8-59,G8,59,[Primary Tumour Tissue],G8,6,Edinburgh,TRUE,FALSE,FALSE,TRUE
G8-6-1,G8-59-215,G8,215,[GBM Cell Line],59,1,UCL,FALSE,TRUE,TRUE,TRUE
G8-6-1-1,G8-59-215-301,G8,301,[Engineered GBM Cell Line],215,1,Spain,TRUE,TRUE,TRUE,TRUE
G8-6-2,G8-59-70,G8,70,[GBM Cell Line],59,2,Spain,TRUE,TRUE,FALSE,FALSE
G8-6-2-1,G8-59-70-2,G8,2,[Engineered GBM Cell Line],70,1,Spain,FALSE,FALSE,FALSE,TRUE
G8-6-2-1-1,G8-59-70-2-190,G8,190,[Xenograph Derive Cell Line],2,1,Spain,TRUE,FALSE,FALSE,FALSE
G8-6-3,G8-59-118,G8,118,[GBM Cell Line],59,3,Spain,TRUE,TRUE,FALSE,TRUE
G8-6-3-1,G8-59-118-185,G8,185,[Engineered GBM Cell Line],118,1,Spain,TRUE,FALSE,TRUE,TRUE
G8-6-3-2,G8-59-118-57,G8,57,[Engineered GBM Cell Line],118,2,UCL,TRUE,FALSE,FALSE,TRUE
G8-6-4,G8-59-52,G8,52,[GBM Cell Line],59,4,Edinburgh,TRUE,FALSE,TRUE,TRUE
G8-6-4-1,G8-59-52-237,G8,237,[Engineered GBM Cell Line],52,1,Spain,TRUE,TRUE,FALSE,TRUE
G8-6-4-1-1,G8-59-52-237-158,G8,158,[Xenograph Derive Cell Line],237,1,Edinburgh,TRUE,FALSE,TRUE,TRUE
G8-6-5,G8-59-0,G8,0,[GBM Cell Line],59,5,Edinburgh,TRUE,FALSE,TRUE,TRUE
G8-6-6,G8-59-427,G8,427,[GBM Cell Line],59,6,UCL,TRUE,FALSE,TRUE,FALSE
G8-7,G8-139,G8,139,[Human Feotal Primary Tissue],G8,7,UCL,TRUE,FALSE,FALSE,TRUE
G8-7-1,G8-139-366,G8,366,[Human Neural Stem Cell Line],139,1,UCL,TRUE,TRUE,FALSE,FALSE
G8-7-2,G8-139-279,G8,279,[Human Neural Stem Cell Line],139,2,Edinburgh,TRUE,FALSE,FALSE,FALSE
G8-7-3,G8-139-264,G8,264,[Human Neural Stem Cell Line],139,3,Edinburgh,TRUE,TRUE,FALSE,TRUE
G8-8,G8-56,G8,56,[Human Feotal Primary Tissue],G8,8,UCL,TRUE,FALSE,FALSE,TRUE
G8-8-1,G8-56-243,G8,243,[Human Neural Stem Cell Line],56,1,Edinburgh,TRUE,TRUE,TRUE,TRUE
G8-8-1-1,G8-56-243-166,G8,166,[Isogenic Gene Cell Line],243,1,Edinburgh,TRUE,FALSE,TRUE,TRUE
G8-9,G8-142,G8,142,[Human Feotal Primary Tissue],G8,9,Spain,TRUE,FALSE,FALSE,FALSE
G8-9-1,G8-142-462,G8,462,[Human Neural Stem Cell Line],142,1,Edinburgh,TRUE,TRUE,FALSE,TRUE
G8-9-1-1,G8-142-462-60,G8,60,[Isogenic Gene Cell Line],462,1,Edinburgh,TRUE,FALSE,FALSE,FALSE
G8-9-2,G8-142-397,G8,397,[Human Neural Stem Cell Line],142,2,Spain,TRUE,FALSE,FALSE,TRUE
G8-9-2-1,G8-142-397-49,G8,49,[Isogenic Gene Cell Line],397,1,UCL,TRUE,TRUE,TRUE,FALSE
G8-9-2-2,G8-142-397-316,G8,316,[Isogenic Gene Cell Line],397,2,Edinburgh,TRUE,TRUE,FALSE,FALSE
G9-1,G9-212,G9,212,[Human Feotal Primary Tissue],G9,1,Spain,TRUE,TRUE,FALSE,FALSE
G9-1-1,G9-212-193,G9,193,[Human Neural Stem Cell Line],212,1,UCL,TRUE,FALSE,FALSE,FALSE
G9-1-1-1,G9-212-193-409,G9,409,[Isogenic Gene Cell Line],193,1,Spain,FALSE,FALSE,TRUE,TRUE
G9-2,G9-451,G9,451,[Human Feotal Primary Tissue],G9,2,Edinburgh,TRUE,TRUE,TRUE,TRUE
G9-2-1,G9-451-384,G9,384,[Human Neural Stem Cell Line],451,1,Spain,TRUE,FALSE,TRUE,FALSE
G9-2-1-1,G9-451-384-96,G9,96,[Isogenic Gene Cell Line],384,1,UCL,TRUE,TRUE,FALSE,TRUE
G9-2-2,G9-451-72,G9,72,[Human Neural Stem Cell Line],451,2,Spain,FALSE,TRUE,FALSE,TRUE
G9-2-2-1,G9-451-72-67,G9,67,[Isogenic Gene Cell Line],72,1,Edinburgh,FALSE,FALSE,TRUE,TRUE
G9-2-2-2,G9-451-72-340,G9,340,[Isogenic Gene Cell Line],72,2,Spain,TRUE,FALSE,FALSE,TRUE
G9-2-3,G9-451-87,G9,87,[Human Neural Stem Cell Line],451,3,Spain,TRUE,FALSE,TRUE,TRUE
G9-3,G9-51,G9,51,[Peripheral Blood Mononuclear Cell],G9,3,Edinburgh,TRUE,FALSE,FALSE,TRUE
G9-3-1,G9-51-298,G9,298,[Patient Derived Neural Stem Cell],51,1,UCL,TRUE,TRUE,TRUE,TRUE
