type,Cell.line.ID,Region,Age,ICC,Xenograft,Request.cell.line
NS cell lines derivatives,GCGR-NS1-CE-G56R,cerebellum,30+4,TRUE,TRUE,FALSE
NS cell lines derivatives,GCGR-NS1-CE-PTENnull,cerebellum,30+4,TRUE,FALSE,TRUE
NS cell lines derivatives,GCGR-NS1-CE-TP53null,cerebellum,30+4,TRUE,TRUE,FALSE
NS cell lines derivatives,GCGR-NS1-ST-NPE,striatum,30+4,FALSE,TRUE,TRUE
NS cell lines derivatives,GCGR-NS1-PO-PTENnull,pons,30+4,TRUE,TRUE,TRUE
NS cell lines derivatives,GCGR-NS1-PO-NP,pons,30+4,TRUE,TRUE,TRUE
NS cell lines derivatives,GCGR-NS1-PO-TP53null,pons,30+4,FALSE,TRUE,FALSE
NS cell lines derivatives,GCGR-NS1-PO-G56R,pons,30+4,TRUE,FALSE,FALSE
NS cell lines derivatives,GCGR-NS1-PO-NF1null,pons,30+4,TRUE,TRUE,FALSE
NS cell lines derivatives,GCGR-NS1-MB-TP53null,midbrain,30+4,FALSE,FALSE,FALSE
NS cell lines derivatives,GCGR-NS1-MB-EGFvlll,midbrain,30+4,TRUE,TRUE,TRUE
NS cell lines derivatives,GCGR-NS1-MB-G56R,midbrain,30+4,FALSE,TRUE,FALSE
NS cell lines derivatives,GCGR-NS1-MB-PTENnull,midbrain,30+4,TRUE,FALSE,TRUE
NS cell lines derivatives,GCGR-NS1-MB-NP,midbrain,30+4,TRUE,FALSE,FALSE
NS cell lines derivatives,GCGR-NS1-MB-NPE,midbrain,30+4,TRUE,FALSE,TRUE
NS cell lines derivatives,GCGR-NS1-MB-NF1null,midbrain,30+4,FALSE,TRUE,FALSE
NS cell lines derivatives,GCGR-NS1-FB-PTENnull,forebrain,30+4,TRUE,TRUE,TRUE
NS cell lines derivatives,GCGR-NS1-FB-EGFvlll,forebrain,30+4,TRUE,TRUE,FALSE
NS cell lines derivatives,GCGR-NS1-FB-G56R,forebrain,30+4,FALSE,TRUE,TRUE
NS cell lines derivatives,GCGR-NS1-FB-NPE,forebrain,30+4,TRUE,TRUE,TRUE
NS cell lines derivatives,GCGR-NS1-FB-NF1null,forebrain,30+4,TRUE,FALSE,FALSE
NS cell lines derivatives,GCGR-NS1-FB-NP,forebrain,30+4,TRUE,TRUE,FALSE
NS cell lines derivatives,GCGR-NS1-DI-NPE,diencephalon,30+4,FALSE,FALSE,TRUE
NS cell lines derivatives,GCGR-NS1-DI-NF1null,diencephalon,30+4,TRUE,TRUE,TRUE
NS cell lines derivatives,GCGR-NS1-CO-NP,cortex,30+4,FALSE,TRUE,FALSE
NS cell lines derivatives,GCGR-NS1-CO-TP53null,cortex,30+4,FALSE,FALSE,FALSE
NS cell lines derivatives,GCGR-NS1-CO-EGFvlll,cortex,30+4,FALSE,TRUE,FALSE
NS cell lines derivatives,GCGR-NS1-CO-NF1null,cortex,30+4,TRUE,TRUE,TRUE
NS cell lines derivatives,GCGR-NS1-CO-PTENnull,cortex,30+4,FALSE,TRUE,TRUE
NS cell lines derivatives,GCGR-NS2-SC-NPE,spinal cord,18+7,FALSE,FALSE,TRUE
NS cell lines derivatives,GCGR-NS2-SC-NP,spinal cord,18+7,TRUE,FALSE,TRUE
NS cell lines derivatives,GCGR-NS2-DI-TP53null,diencephalon,18+7,FALSE,FALSE,TRUE
NS cell lines derivatives,GCGR-NS2-DI-PTENnull,diencephalon,18+7,TRUE,FALSE,FALSE
NS cell lines derivatives,GCGR-NS2-DI-NF1null,diencephalon,18+7,FALSE,TRUE,FALSE
NS cell lines derivatives,GCGR-NS2-DI-G56R,diencephalon,18+7,TRUE,FALSE,TRUE
NS cell lines derivatives,GCGR-NS2-DI-NPE,diencephalon,18+7,TRUE,FALSE,FALSE
NS cell lines derivatives,GCGR-NS2-MI-NPE,midbrain,18+7,FALSE,TRUE,FALSE
NS cell lines derivatives,GCGR-NS2-MI-TP53null,midbrain,18+7,FALSE,TRUE,FALSE
NS cell lines derivatives,GCGR-NS2-MI-PTENnull,midbrain,18+7,TRUE,TRUE,FALSE
NS cell lines derivatives,GCGR-NS2-FB-PTENnull,forebrain,18+7,FALSE,FALSE,FALSE
NS cell lines derivatives,GCGR-NS2-FB-NP,forebrain,18+7,FALSE,TRUE,FALSE
NS cell lines derivatives,GCGR-NS2-FB-TP53null,forebrain,18+7,TRUE,FALSE,TRUE
NS cell lines derivatives,GCGR-NS2-FB-NF1null,forebrain,18+7,TRUE,TRUE,FALSE
NS cell lines derivatives,GCGR-NS2-CO-EGFvlll,cortex,18+7,FALSE,FALSE,FALSE
NS cell lines derivatives,GCGR-NS2-CO-NF1null,cortex,18+7,FALSE,FALSE,FALSE
NS cell lines derivatives,GCGR-NS2-CO-TP53null,cortex,18+7,FALSE,TRUE,FALSE
NS cell lines derivatives,GCGR-NS2-CO-NPE,cortex,18+7,TRUE,FALSE,FALSE
NS cell lines derivatives,GCGR-NS2-HB-NPE,hindbrain,18+7,TRUE,FALSE,FALSE
NS cell lines derivatives,GCGR-NS2-HB-NF1null,hindbrain,18+7,FALSE,TRUE,TRUE
NS cell lines derivatives,GCGR-NS2-HB-G56R,hindbrain,18+7,TRUE,FALSE,TRUE
NS cell lines derivatives,GCGR-NS2-HB-TP53null,hindbrain,18+7,FALSE,TRUE,FALSE
NS cell lines derivatives,GCGR-NS2-HB-NP,hindbrain,18+7,FALSE,TRUE,TRUE
NS cell lines derivatives,GCGR-NS2-HB-EGFvlll,hindbrain,18+7,TRUE,TRUE,FALSE
NS cell lines derivatives,GCGR-NS2-ME-NP,medulla,18+7,TRUE,TRUE,TRUE
NS cell lines derivatives,GCGR-NS2-ME-TP53null,medulla,18+7,TRUE,FALSE,FALSE
NS cell lines derivatives,GCGR-NS2-ME-PTENnull,medulla,18+7,FALSE,TRUE,TRUE
NS cell lines derivatives,GCGR-NS2-ME-G56R,medulla,18+7,FALSE,FALSE,TRUE
NS cell lines derivatives,GCGR-NS3-CO-G56R,cortex,12+6,FALSE,TRUE,TRUE
NS cell lines derivatives,GCGR-NS3-CO-TP53null,cortex,12+6,FALSE,TRUE,TRUE
NS cell lines derivatives,GCGR-NS3-CO-NP,cortex,12+6,TRUE,TRUE,FALSE
NS cell lines derivatives,GCGR-NS3-CO-NF1null,cortex,12+6,TRUE,FALSE,TRUE
NS cell lines derivatives,GCGR-NS3-CE-NPE,cerebellum,12+6,FALSE,FALSE,TRUE
NS cell lines derivatives,GCGR-NS4-CO-PTENnull,cortex,12+6,TRUE,TRUE,FALSE
NS cell lines derivatives,GCGR-NS4-CO-TP53null,cortex,12+6,FALSE,TRUE,TRUE
NS cell lines derivatives,GCGR-NS4-CO-NP,cortex,12+6,FALSE,FALSE,FALSE
NS cell lines derivatives,GCGR-NS4-CO-NF1null,cortex,12+6,FALSE,TRUE,TRUE
NS cell lines derivatives,GCGR-NS4-CO-G56R,cortex,12+6,TRUE,TRUE,FALSE
NS cell lines derivatives,GCGR-NS4-CO-EGFvlll,cortex,12+6,FALSE,TRUE,FALSE
NS cell lines derivatives,GCGR-NS4-CE-EGFvlll,cerebellum,12+6,FALSE,FALSE,TRUE
NS cell lines derivatives,GCGR-NS4-CE-G56R,cerebellum,12+6,TRUE,FALSE,TRUE
NS cell lines derivatives,GCGR-NS4-SC-EGFvlll,spinal cord,12+6,FALSE,FALSE,FALSE
NS cell lines derivatives,GCGR-NS4-SC-PTENnull,spinal cord,12+6,TRUE,FALSE,FALSE
NS cell lines derivatives,GCGR-NS4-SC-TP53null,spinal cord,12+6,FALSE,FALSE,TRUE
NS cell lines derivatives,GCGR-NS4-HB-NF1null,hindbrain,12+6,FALSE,FALSE,FALSE
NS cell lines derivatives,GCGR-NS4-HB-NP,hindbrain,12+6,FALSE,FALSE,FALSE
NS cell lines derivatives,GCGR-NS4-HB-PTENnull,hindbrain,12+6,FALSE,FALSE,TRUE
NS cell lines derivatives,GCGR-NS4-MB-NPE,midbrain,12+6,TRUE,TRUE,TRUE
NS cell lines derivatives,GCGR-NS4-MB-TP53null,midbrain,12+6,TRUE,TRUE,FALSE
NS cell lines derivatives,GCGR-NS4-MB-EGFvlll,midbrain,12+6,FALSE,FALSE,TRUE
NS cell lines derivatives,GCGR-NS4-MB-NF1null,midbrain,12+6,FALSE,TRUE,TRUE
NS cell lines derivatives,GCGR-NS4-MI-NPE,midbrain,12+6,TRUE,TRUE,TRUE
NS cell lines derivatives,GCGR-NS4-MI-G56R,midbrain,12+6,FALSE,TRUE,TRUE
NS cell lines derivatives,GCGR-NS4-MI-NF1null,midbrain,12+6,FALSE,TRUE,FALSE
NS cell lines derivatives,GCGR-NS4-PO-PTENnull,pons,12+6,FALSE,FALSE,TRUE
NS cell lines derivatives,GCGR-NS4-PO-NPE,pons,12+6,FALSE,FALSE,TRUE
NS cell lines derivatives,GCGR-NS4-PO-EGFvlll,pons,12+6,FALSE,FALSE,FALSE
NS cell lines derivatives,GCGR-NS4-PO-NF1null,pons,12+6,FALSE,FALSE,FALSE
NS cell lines derivatives,GCGR-NS4-PO-NP,pons,12+6,FALSE,TRUE,FALSE
NS cell lines derivatives,GCGR-NS4-PO-TP53null,pons,12+6,TRUE,TRUE,TRUE
NS cell lines derivatives,GCGR-NS5-CO-G56R,cortex,6+5,FALSE,TRUE,FALSE
NS cell lines derivatives,GCGR-NS5-CO-EGFvlll,cortex,6+5,FALSE,TRUE,TRUE
NS cell lines derivatives,GCGR-NS5-CO-TP53null,cortex,6+5,TRUE,TRUE,TRUE
NS cell lines derivatives,GCGR-NS5-CO-NF1null,cortex,6+5,TRUE,FALSE,FALSE
NS cell lines derivatives,GCGR-NS5-CO-PTENnull,cortex,6+5,TRUE,FALSE,TRUE
NS cell lines derivatives,GCGR-NS5-ST-TP53null,striatum,6+5,FALSE,FALSE,TRUE
NS cell lines derivatives,GCGR-NS5-ST-PTENnull,striatum,6+5,TRUE,FALSE,FALSE
NS cell lines derivatives,GCGR-NS5-ST-NPE,striatum,6+5,TRUE,FALSE,FALSE
NS cell lines derivatives,GCGR-NS5-MB-NPE,midbrain,6+5,FALSE,TRUE,TRUE
NS cell lines derivatives,GCGR-NS5-MB-NF1null,midbrain,6+5,TRUE,FALSE,FALSE
NS cell lines derivatives,GCGR-NS5-MB-EGFvlll,midbrain,6+5,FALSE,TRUE,TRUE
NS cell lines derivatives,GCGR-NS5-MB-TP53null,midbrain,6+5,FALSE,FALSE,TRUE
NS cell lines derivatives,GCGR-NS5-MB-NP,midbrain,6+5,TRUE,FALSE,FALSE
NS cell lines derivatives,GCGR-NS5-MB-G56R,midbrain,6+5,FALSE,TRUE,TRUE
NS cell lines derivatives,GCGR-NS5-DI-NPE,diencephalon,6+5,TRUE,TRUE,TRUE
NS cell lines derivatives,GCGR-NS5-DI-TP53null,diencephalon,6+5,TRUE,FALSE,FALSE
NS cell lines derivatives,GCGR-NS5-DI-NF1null,diencephalon,6+5,FALSE,TRUE,FALSE
NS cell lines derivatives,GCGR-NS5-DI-EGFvlll,diencephalon,6+5,FALSE,TRUE,TRUE
NS cell lines derivatives,GCGR-NS5-DI-NP,diencephalon,6+5,FALSE,FALSE,TRUE
NS cell lines derivatives,GCGR-NS5-DI-G56R,diencephalon,6+5,FALSE,TRUE,TRUE
NS cell lines derivatives,GCGR-NS5-DI-PTENnull,diencephalon,6+5,FALSE,TRUE,TRUE
NS cell lines derivatives,GCGR-NS5-MI-EGFvlll,midbrain,6+5,FALSE,TRUE,FALSE
NS cell lines derivatives,GCGR-NS5-MI-NF1null,midbrain,6+5,FALSE,FALSE,FALSE
NS cell lines derivatives,GCGR-NS5-MI-TP53null,midbrain,6+5,FALSE,FALSE,TRUE
NS cell lines derivatives,GCGR-NS5-MI-G56R,midbrain,6+5,FALSE,TRUE,FALSE
NS cell lines derivatives,GCGR-NS5-MI-PTENnull,midbrain,6+5,TRUE,FALSE,TRUE
NS cell lines derivatives,GCGR-NS5-MI-NP,midbrain,6+5,TRUE,FALSE,FALSE
NS cell lines derivatives,GCGR-NS5-MI-NPE,midbrain,6+5,FALSE,TRUE,TRUE
NS cell lines derivatives,GCGR-NS5-HB-NF1null,hindbrain,6+5,FALSE,TRUE,TRUE
NS cell lines derivatives,GCGR-NS5-HB-G56R,hindbrain,6+5,FALSE,FALSE,TRUE
NS cell lines derivatives,GCGR-NS5-HB-EGFvlll,hindbrain,6+5,FALSE,TRUE,FALSE
NS cell lines derivatives,GCGR-NS5-PO-PTENnull,pons,6+5,FALSE,FALSE,FALSE
NS cell lines derivatives,GCGR-NS5-PO-EGFvlll,pons,6+5,FALSE,FALSE,FALSE
NS cell lines derivatives,GCGR-NS5-PO-NPE,pons,6+5,TRUE,FALSE,TRUE
NS cell lines derivatives,GCGR-NS5-PO-TP53null,pons,6+5,FALSE,TRUE,FALSE
NS cell lines derivatives,GCGR-NS5-PO-G56R,pons,6+5,FALSE,TRUE,TRUE
NS cell lines derivatives,GCGR-NS5-ME-G56R,medulla,6+5,FALSE,TRUE,TRUE
NS cell lines derivatives,GCGR-NS5-ME-NP,medulla,6+5,TRUE,TRUE,TRUE
NS cell lines derivatives,GCGR-NS5-ME-NPE,medulla,6+5,TRUE,FALSE,FALSE
NS cell lines derivatives,GCGR-NS5-ME-TP53null,medulla,6+5,TRUE,FALSE,FALSE
NS cell lines derivatives,GCGR-NS5-ME-EGFvlll,medulla,6+5,TRUE,FALSE,FALSE
NS cell lines derivatives,GCGR-NS5-ME-NF1null,medulla,6+5,FALSE,FALSE,FALSE
NS cell lines derivatives,GCGR-NS5-FB-NP,forebrain,6+5,FALSE,FALSE,TRUE
NS cell lines derivatives,GCGR-NS5-FB-PTENnull,forebrain,6+5,FALSE,FALSE,TRUE
NS cell lines derivatives,GCGR-NS5-FB-EGFvlll,forebrain,6+5,TRUE,FALSE,FALSE
NS cell lines derivatives,GCGR-NS5-FB-G56R,forebrain,6+5,TRUE,FALSE,TRUE
NS cell lines derivatives,GCGR-NS5-FB-NF1null,forebrain,6+5,FALSE,TRUE,FALSE
NS cell lines derivatives,GCGR-NS5-CE-PTENnull,cerebellum,6+5,TRUE,FALSE,FALSE
NS cell lines derivatives,GCGR-NS5-CE-NF1null,cerebellum,6+5,FALSE,FALSE,TRUE
NS cell lines derivatives,GCGR-NS5-CE-TP53null,cerebellum,6+5,FALSE,TRUE,FALSE
NS cell lines derivatives,GCGR-NS5-CE-NPE,cerebellum,6+5,FALSE,FALSE,FALSE
NS cell lines derivatives,GCGR-NS6-CO-NF1null,cortex,12+6,FALSE,FALSE,FALSE
NS cell lines derivatives,GCGR-NS6-CO-EGFvlll,cortex,12+6,FALSE,FALSE,FALSE
NS cell lines derivatives,GCGR-NS6-SC-PTENnull,spinal cord,12+6,TRUE,FALSE,FALSE
NS cell lines derivatives,GCGR-NS6-SC-NPE,spinal cord,12+6,TRUE,FALSE,FALSE
NS cell lines derivatives,GCGR-NS6-SC-NP,spinal cord,12+6,TRUE,TRUE,TRUE
NS cell lines derivatives,GCGR-NS6-SC-G56R,spinal cord,12+6,FALSE,FALSE,FALSE
NS cell lines derivatives,GCGR-NS6-SC-TP53null,spinal cord,12+6,FALSE,TRUE,FALSE
NS cell lines derivatives,GCGR-NS6-FB-EGFvlll,forebrain,12+6,FALSE,TRUE,TRUE
NS cell lines derivatives,GCGR-NS6-FB-NPE,forebrain,12+6,TRUE,FALSE,TRUE
NS cell lines derivatives,GCGR-NS6-FB-TP53null,forebrain,12+6,FALSE,TRUE,FALSE
NS cell lines derivatives,GCGR-NS6-FB-PTENnull,forebrain,12+6,TRUE,FALSE,TRUE
NS cell lines derivatives,GCGR-NS6-FB-NF1null,forebrain,12+6,FALSE,FALSE,TRUE
NS cell lines derivatives,GCGR-NS6-FB-NP,forebrain,12+6,TRUE,FALSE,FALSE
NS cell lines derivatives,GCGR-NS6-FB-G56R,forebrain,12+6,TRUE,TRUE,FALSE
NS cell lines derivatives,GCGR-NS6-ME-NP,medulla,12+6,FALSE,FALSE,FALSE
NS cell lines derivatives,GCGR-NS6-DI-NF1null,diencephalon,12+6,TRUE,FALSE,TRUE
NS cell lines derivatives,GCGR-NS6-DI-TP53null,diencephalon,12+6,TRUE,FALSE,FALSE
NS cell lines derivatives,GCGR-NS6-DI-PTENnull,diencephalon,12+6,TRUE,TRUE,FALSE
NS cell lines derivatives,GCGR-NS6-DI-G56R,diencephalon,12+6,TRUE,FALSE,FALSE
NS cell lines derivatives,GCGR-NS6-DI-NPE,diencephalon,12+6,TRUE,FALSE,TRUE
NS cell lines derivatives,GCGR-NS6-HB-EGFvlll,hindbrain,12+6,TRUE,FALSE,TRUE
NS cell lines derivatives,GCGR-NS6-HB-G56R,hindbrain,12+6,TRUE,TRUE,FALSE
NS cell lines derivatives,GCGR-NS6-HB-TP53null,hindbrain,12+6,TRUE,TRUE,TRUE
NS cell lines derivatives,GCGR-NS6-HB-PTENnull,hindbrain,12+6,TRUE,FALSE,FALSE
NS cell lines derivatives,GCGR-NS6-HB-NPE,hindbrain,12+6,FALSE,TRUE,TRUE
NS cell lines derivatives,GCGR-NS6-HB-NP,hindbrain,12+6,FALSE,TRUE,TRUE
NS cell lines derivatives,GCGR-NS6-HB-NF1null,hindbrain,12+6,TRUE,TRUE,TRUE
NS cell lines derivatives,GCGR-NS6-CE-NP,cerebellum,12+6,FALSE,FALSE,FALSE
NS cell lines derivatives,GCGR-NS6-CE-TP53null,cerebellum,12+6,FALSE,TRUE,FALSE
NS cell lines derivatives,GCGR-NS6-CE-EGFvlll,cerebellum,12+6,TRUE,TRUE,TRUE
NS cell lines derivatives,GCGR-NS6-CE-NPE,cerebellum,12+6,TRUE,TRUE,FALSE
NS cell lines derivatives,GCGR-NS6-MI-EGFvlll,midbrain,12+6,FALSE,FALSE,TRUE
NS cell lines derivatives,GCGR-NS6-MI-PTENnull,midbrain,12+6,FALSE,TRUE,TRUE
NS cell lines derivatives,GCGR-NS6-MI-TP53null,midbrain,12+6,TRUE,TRUE,TRUE
NS cell lines derivatives,GCGR-NS6-MI-G56R,midbrain,12+6,TRUE,FALSE,FALSE
NS cell lines derivatives,GCGR-NS6-MI-NPE,midbrain,12+6,FALSE,TRUE,FALSE
NS cell lines derivatives,GCGR-NS6-MB-PTENnull,midbrain,12+6,TRUE,FALSE,FALSE
NS cell lines derivatives,GCGR-NS6-MB-NF1null,midbrain,12+6,TRUE,FALSE,FALSE
NS cell lines derivatives,GCGR-NS6-MB-EGFvlll,midbrain,12+6,FALSE,TRUE,FALSE
NS cell lines derivatives,GCGR-NS7-HB-G56R,hindbrain,6+0,FALSE,FALSE,FALSE
NS cell lines derivatives,GCGR-NS7-HB-NP,hindbrain,6+0,TRUE,FALSE,TRUE
NS cell lines derivatives,GCGR-NS7-HB-PTENnull,hindbrain,6+0,FALSE,FALSE,FALSE
NS cell lines derivatives,GCGR-NS7-HB-TP53null,hindbrain,6+0,FALSE,TRUE,FALSE
NS cell lines derivatives,GCGR-NS7-DI-NPE,diencephalon,6+0,FALSE,TRUE,FALSE
NS cell lines derivatives,GCGR-NS7-DI-NP,diencephalon,6+0,FALSE,FALSE,TRUE
NS cell lines derivatives,GCGR-NS7-DI-TP53null,diencephalon,6+0,TRUE,TRUE,FALSE
NS cell lines derivatives,GCGR-NS7-DI-G56R,diencephalon,6+0,FALSE,FALSE,TRUE
NS cell lines derivatives,GCGR-NS7-DI-PTENnull,diencephalon,6+0,FALSE,TRUE,FALSE
NS cell lines derivatives,GCGR-NS7-MI-G56R,midbrain,6+0,FALSE,TRUE,FALSE
NS cell lines derivatives,GCGR-NS7-ME-EGFvlll,medulla,6+0,TRUE,FALSE,FALSE
NS cell lines derivatives,GCGR-NS7-ME-G56R,medulla,6+0,FALSE,FALSE,FALSE
NS cell lines derivatives,GCGR-NS7-ME-TP53null,medulla,6+0,FALSE,FALSE,TRUE
NS cell lines derivatives,GCGR-NS7-ST-NF1null,striatum,6+0,TRUE,TRUE,FALSE
NS cell lines derivatives,GCGR-NS7-ST-TP53null,striatum,6+0,TRUE,FALSE,TRUE
NS cell lines derivatives,GCGR-NS7-ST-G56R,striatum,6+0,FALSE,FALSE,FALSE
NS cell lines derivatives,GCGR-NS8-PO-PTENnull,pons,12+1,TRUE,FALSE,TRUE
NS cell lines derivatives,GCGR-NS8-PO-NP,pons,12+1,TRUE,FALSE,FALSE
NS cell lines derivatives,GCGR-NS8-PO-G56R,pons,12+1,FALSE,TRUE,FALSE
NS cell lines derivatives,GCGR-NS8-PO-NPE,pons,12+1,FALSE,FALSE,FALSE
NS cell lines derivatives,GCGR-NS8-PO-EGFvlll,pons,12+1,FALSE,TRUE,FALSE
NS cell lines derivatives,GCGR-NS8-PO-NF1null,pons,12+1,FALSE,FALSE,FALSE
NS cell lines derivatives,GCGR-NS8-DI-PTENnull,diencephalon,12+1,TRUE,FALSE,FALSE
NS cell lines derivatives,GCGR-NS8-DI-NPE,diencephalon,12+1,TRUE,TRUE,TRUE
NS cell lines derivatives,GCGR-NS8-ST-NF1null,striatum,12+1,FALSE,FALSE,FALSE
NS cell lines derivatives,GCGR-NS8-ST-EGFvlll,striatum,12+1,TRUE,FALSE,FALSE
NS cell lines derivatives,GCGR-NS8-ME-NP,medulla,12+1,TRUE,TRUE,TRUE
NS cell lines derivatives,GCGR-NS8-ME-EGFvlll,medulla,12+1,FALSE,FALSE,FALSE
NS cell lines derivatives,GCGR-NS8-FB-NPE,forebrain,12+1,TRUE,TRUE,TRUE
NS cell lines derivatives,GCGR-NS8-FB-TP53null,forebrain,12+1,TRUE,FALSE,TRUE
NS cell lines derivatives,GCGR-NS8-FB-NP,forebrain,12+1,FALSE,FALSE,FALSE
NS cell lines derivatives,GCGR-NS8-FB-NF1null,forebrain,12+1,FALSE,FALSE,FALSE
NS cell lines derivatives,GCGR-NS8-HB-PTENnull,hindbrain,12+1,TRUE,FALSE,FALSE
NS cell lines derivatives,GCGR-NS8-HB-NP,hindbrain,12+1,FALSE,TRUE,FALSE
NS cell lines derivatives,GCGR-NS8-HB-G56R,hindbrain,12+1,TRUE,TRUE,TRUE
NS cell lines derivatives,GCGR-NS8-SC-TP53null,spinal cord,12+1,TRUE,FALSE,FALSE
NS cell lines derivatives,GCGR-NS8-SC-NF1null,spinal cord,12+1,TRUE,FALSE,FALSE
NS cell lines derivatives,GCGR-NS8-SC-PTENnull,spinal cord,12+1,TRUE,FALSE,TRUE
NS cell lines derivatives,GCGR-NS8-SC-EGFvlll,spinal cord,12+1,FALSE,FALSE,TRUE
NS cell lines derivatives,GCGR-NS8-SC-NPE,spinal cord,12+1,FALSE,FALSE,TRUE
NS cell lines derivatives,GCGR-NS8-CE-NP,cerebellum,12+1,FALSE,TRUE,TRUE
NS cell lines derivatives,GCGR-NS8-CE-PTENnull,cerebellum,12+1,TRUE,FALSE,TRUE
NS cell lines derivatives,GCGR-NS8-MI-NP,midbrain,12+1,TRUE,TRUE,TRUE
NS cell lines derivatives,GCGR-NS8-MI-TP53null,midbrain,12+1,FALSE,FALSE,TRUE
NS cell lines derivatives,GCGR-NS8-MI-G56R,midbrain,12+1,FALSE,TRUE,TRUE
NS cell lines derivatives,GCGR-NS8-MI-NPE,midbrain,12+1,TRUE,FALSE,TRUE
NS cell lines derivatives,GCGR-NS8-MI-NF1null,midbrain,12+1,FALSE,TRUE,FALSE
NS cell lines derivatives,GCGR-NS8-MI-EGFvlll,midbrain,12+1,FALSE,FALSE,FALSE
NS cell lines derivatives,GCGR-NS8-MI-PTENnull,midbrain,12+1,FALSE,FALSE,FALSE
NS cell lines derivatives,GCGR-NS9-CE-EGFvlll,cerebellum,6+0,TRUE,TRUE,FALSE
NS cell lines derivatives,GCGR-NS9-CE-NP,cerebellum,6+0,TRUE,FALSE,TRUE
NS cell lines derivatives,GCGR-NS9-CE-G56R,cerebellum,6+0,TRUE,TRUE,TRUE
NS cell lines derivatives,GCGR-NS9-CE-NPE,cerebellum,6+0,TRUE,FALSE,TRUE
NS cell lines derivatives,GCGR-NS9-PO-PTENnull,pons,6+0,TRUE,FALSE,TRUE
NS cell lines derivatives,GCGR-NS9-PO-NF1null,pons,6+0,FALSE,TRUE,FALSE
NS cell lines derivatives,GCGR-NS9-PO-NP,pons,6+0,FALSE,TRUE,FALSE
NS cell lines derivatives,GCGR-NS9-PO-TP53null,pons,6+0,FALSE,TRUE,FALSE
NS cell lines derivatives,GCGR-NS10-MI-TP53null,midbrain,6+0,TRUE,FALSE,TRUE
NS cell lines derivatives,GCGR-NS10-MI-EGFvlll,midbrain,6+0,TRUE,FALSE,TRUE
NS cell lines derivatives,GCGR-NS10-MI-NP,midbrain,6+0,FALSE,FALSE,FALSE
NS cell lines derivatives,GCGR-NS10-ST-PTENnull,striatum,6+0,TRUE,TRUE,TRUE
NS cell lines derivatives,GCGR-NS10-ST-NF1null,striatum,6+0,FALSE,TRUE,TRUE
NS cell lines derivatives,GCGR-NS10-ST-G56R,striatum,6+0,FALSE,TRUE,TRUE
NS cell lines derivatives,GCGR-NS10-ME-NF1null,medulla,6+0,TRUE,TRUE,TRUE
NS cell lines derivatives,GCGR-NS10-ME-EGFvlll,medulla,6+0,TRUE,FALSE,FALSE
NS cell lines derivatives,GCGR-NS10-PO-NP,pons,6+0,TRUE,FALSE,TRUE
NS cell lines derivatives,GCGR-NS10-PO-G56R,pons,6+0,FALSE,TRUE,TRUE
NS cell lines derivatives,GCGR-NS10-PO-TP53null,pons,6+0,FALSE,TRUE,TRUE
NS cell lines derivatives,GCGR-NS10-PO-NF1null,pons,6+0,FALSE,FALSE,FALSE
NS cell lines derivatives,GCGR-NS10-DI-TP53null,diencephalon,6+0,FALSE,TRUE,FALSE
NS cell lines derivatives,GCGR-NS10-DI-NP,diencephalon,6+0,FALSE,FALSE,FALSE
NS cell lines derivatives,GCGR-NS11-FB-NF1null,forebrain,6+5,FALSE,TRUE,TRUE
NS cell lines derivatives,GCGR-NS11-FB-TP53null,forebrain,6+5,TRUE,TRUE,FALSE
NS cell lines derivatives,GCGR-NS11-FB-EGFvlll,forebrain,6+5,FALSE,FALSE,FALSE
NS cell lines derivatives,GCGR-NS11-FB-NPE,forebrain,6+5,TRUE,FALSE,FALSE
NS cell lines derivatives,GCGR-NS11-FB-NP,forebrain,6+5,FALSE,FALSE,FALSE
NS cell lines derivatives,GCGR-NS11-ST-NP,striatum,6+5,FALSE,FALSE,TRUE
NS cell lines derivatives,GCGR-NS11-ST-EGFvlll,striatum,6+5,TRUE,TRUE,FALSE
NS cell lines derivatives,GCGR-NS11-ST-G56R,striatum,6+5,TRUE,FALSE,TRUE
NS cell lines derivatives,GCGR-NS11-ST-TP53null,striatum,6+5,TRUE,TRUE,FALSE
NS cell lines derivatives,GCGR-NS11-PO-NP,pons,6+5,TRUE,FALSE,TRUE
NS cell lines derivatives,GCGR-NS11-PO-PTENnull,pons,6+5,FALSE,FALSE,TRUE
NS cell lines derivatives,GCGR-NS11-PO-NF1null,pons,6+5,TRUE,TRUE,TRUE
NS cell lines derivatives,GCGR-NS11-PO-G56R,pons,6+5,TRUE,TRUE,FALSE
NS cell lines derivatives,GCGR-NS11-PO-NPE,pons,6+5,TRUE,TRUE,TRUE
NS cell lines derivatives,GCGR-NS11-PO-EGFvlll,pons,6+5,TRUE,FALSE,TRUE
NS cell lines derivatives,GCGR-NS11-SC-TP53null,spinal cord,6+5,TRUE,TRUE,FALSE
NS cell lines derivatives,GCGR-NS11-SC-NP,spinal cord,6+5,FALSE,FALSE,FALSE
NS cell lines derivatives,GCGR-NS11-SC-G56R,spinal cord,6+5,TRUE,TRUE,FALSE
NS cell lines derivatives,GCGR-NS11-SC-PTENnull,spinal cord,6+5,TRUE,FALSE,FALSE
NS cell lines derivatives,GCGR-NS11-SC-EGFvlll,spinal cord,6+5,TRUE,FALSE,TRUE
NS cell lines derivatives,GCGR-NS11-ME-PTENnull,medulla,6+5,TRUE,TRUE,TRUE
NS cell lines derivatives,GCGR-NS11-ME-NPE,medulla,6+5,TRUE,FALSE,TRUE
NS cell lines derivatives,GCGR-NS11-ME-TP53null,medulla,6+5,FALSE,TRUE,TRUE
NS cell lines derivatives,GCGR-NS11-ME-NP,medulla,6+5,TRUE,FALSE,FALSE
NS cell lines derivatives,GCGR-NS11-ME-NF1null,medulla,6+5,FALSE,TRUE,TRUE
NS cell lines derivatives,GCGR-NS11-ME-EGFvlll,medulla,6+5,FALSE,TRUE,TRUE
NS cell lines derivatives,GCGR-NS11-HB-TP53null,hindbrain,6+5,FALSE,FALSE,FALSE
NS cell lines derivatives,GCGR-NS11-HB-G56R,hindbrain,6+5,TRUE,FALSE,FALSE
NS cell lines derivatives,GCGR-NS11-HB-EGFvlll,hindbrain,6+5,TRUE,TRUE,FALSE
NS cell lines derivatives,GCGR-NS11-CE-NPE,cerebellum,6+5,FALSE,TRUE,TRUE
NS cell lines derivatives,GCGR-NS11-CE-TP53null,cerebellum,6+5,TRUE,FALSE,FALSE
NS cell lines derivatives,GCGR-NS11-CE-PTENnull,cerebellum,6+5,FALSE,FALSE,TRUE
NS cell lines derivatives,GCGR-NS11-MB-NP,midbrain,6+5,TRUE,FALSE,FALSE
NS cell lines derivatives,GCGR-NS11-MI-TP53null,midbrain,6+5,TRUE,TRUE,TRUE
NS cell lines derivatives,GCGR-NS11-CO-EGFvlll,cortex,6+5,TRUE,FALSE,TRUE
NS cell lines derivatives,GCGR-NS11-CO-NF1null,cortex,6+5,TRUE,TRUE,TRUE
NS cell lines derivatives,GCGR-NS11-CO-NP,cortex,6+5,TRUE,FALSE,FALSE
NS cell lines derivatives,GCGR-NS11-CO-TP53null,cortex,6+5,FALSE,TRUE,FALSE
NS cell lines derivatives,GCGR-NS11-CO-PTENnull,cortex,6+5,FALSE,TRUE,TRUE
NS cell lines derivatives,GCGR-NS11-CO-G56R,cortex,6+5,TRUE,FALSE,FALSE
NS cell lines derivatives,GCGR-NS11-CO-NPE,cortex,6+5,FALSE,FALSE,FALSE
NS cell lines derivatives,GCGR-NS12-CE-NP,cerebellum,30+4,TRUE,TRUE,FALSE
NS cell lines derivatives,GCGR-NS12-CE-G56R,cerebellum,30+4,FALSE,TRUE,FALSE
NS cell lines derivatives,GCGR-NS12-CE-EGFvlll,cerebellum,30+4,FALSE,FALSE,TRUE
NS cell lines derivatives,GCGR-NS12-FB-NPE,forebrain,30+4,FALSE,TRUE,FALSE
NS cell lines derivatives,GCGR-NS12-ST-TP53null,striatum,30+4,TRUE,FALSE,TRUE
NS cell lines derivatives,GCGR-NS12-ST-EGFvlll,striatum,30+4,FALSE,FALSE,TRUE
NS cell lines derivatives,GCGR-NS12-ST-NP,striatum,30+4,TRUE,TRUE,TRUE
NS cell lines derivatives,GCGR-NS12-ST-G56R,striatum,30+4,TRUE,FALSE,TRUE
NS cell lines derivatives,GCGR-NS12-ST-PTENnull,striatum,30+4,FALSE,TRUE,TRUE
NS cell lines derivatives,GCGR-NS12-ST-NPE,striatum,30+4,FALSE,TRUE,TRUE
NS cell lines derivatives,GCGR-NS12-PO-NF1null,pons,30+4,TRUE,FALSE,FALSE
NS cell lines derivatives,GCGR-NS12-PO-G56R,pons,30+4,FALSE,TRUE,TRUE
NS cell lines derivatives,GCGR-NS12-CO-NP,cortex,30+4,FALSE,FALSE,FALSE
NS cell lines derivatives,GCGR-NS12-CO-G56R,cortex,30+4,TRUE,FALSE,TRUE
NS cell lines derivatives,GCGR-NS12-CO-TP53null,cortex,30+4,FALSE,FALSE,TRUE
NS cell lines derivatives,GCGR-NS12-SC-EGFvlll,spinal cord,30+4,FALSE,FALSE,FALSE
NS cell lines derivatives,GCGR-NS12-SC-PTENnull,spinal cord,30+4,FALSE,FALSE,TRUE
NS cell lines derivatives,GCGR-NS12-SC-TP53null,spinal cord,30+4,FALSE,FALSE,FALSE
NS cell lines derivatives,GCGR-NS12-SC-NP,spinal cord,30+4,FALSE,FALSE,FALSE
NS cell lines derivatives,GCGR-NS12-SC-NPE,spinal cord,30+4,FALSE,FALSE,TRUE
NS cell lines derivatives,GCGR-NS12-SC-NF1null,spinal cord,30+4,FALSE,TRUE,TRUE
NS cell lines derivatives,GCGR-NS12-SC-G56R,spinal cord,30+4,FALSE,TRUE,FALSE
NS cell lines derivatives,GCGR-NS12-ME-PTENnull,medulla,30+4,FALSE,FALSE,FALSE
NS cell lines derivatives,GCGR-NS13-MI-NF1null,midbrain,30+4,TRUE,TRUE,FALSE
NS cell lines derivatives,GCGR-NS13-MI-TP53null,midbrain,30+4,TRUE,TRUE,TRUE
NS cell lines derivatives,GCGR-NS13-MI-NP,midbrain,30+4,TRUE,FALSE,FALSE
NS cell lines derivatives,GCGR-NS13-MI-EGFvlll,midbrain,30+4,FALSE,FALSE,FALSE
NS cell lines derivatives,GCGR-NS13-CE-PTENnull,cerebellum,30+4,TRUE,TRUE,TRUE
NS cell lines derivatives,GCGR-NS13-CE-NPE,cerebellum,30+4,TRUE,TRUE,FALSE
NS cell lines derivatives,GCGR-NS13-CE-NF1null,cerebellum,30+4,TRUE,FALSE,TRUE
NS cell lines derivatives,GCGR-NS13-CE-TP53null,cerebellum,30+4,FALSE,FALSE,TRUE
NS cell lines derivatives,GCGR-NS13-CE-G56R,cerebellum,30+4,TRUE,FALSE,FALSE
NS cell lines derivatives,GCGR-NS13-CE-NP,cerebellum,30+4,FALSE,FALSE,FALSE
NS cell lines derivatives,GCGR-NS13-CE-EGFvlll,cerebellum,30+4,TRUE,FALSE,TRUE
NS cell lines derivatives,GCGR-NS13-MB-NPE,midbrain,30+4,FALSE,TRUE,FALSE
NS cell lines derivatives,GCGR-NS13-MB-EGFvlll,midbrain,30+4,TRUE,TRUE,TRUE
NS cell lines derivatives,GCGR-NS13-MB-NP,midbrain,30+4,TRUE,FALSE,TRUE
NS cell lines derivatives,GCGR-NS13-MB-G56R,midbrain,30+4,FALSE,FALSE,FALSE
NS cell lines derivatives,GCGR-NS13-HB-NPE,hindbrain,30+4,FALSE,FALSE,TRUE
NS cell lines derivatives,GCGR-NS13-HB-EGFvlll,hindbrain,30+4,FALSE,TRUE,TRUE
NS cell lines derivatives,GCGR-NS13-HB-PTENnull,hindbrain,30+4,FALSE,TRUE,TRUE
NS cell lines derivatives,GCGR-NS13-PO-PTENnull,pons,30+4,FALSE,TRUE,TRUE
NS cell lines derivatives,GCGR-NS13-PO-NPE,pons,30+4,TRUE,FALSE,FALSE
NS cell lines derivatives,GCGR-NS13-PO-NP,pons,30+4,FALSE,TRUE,FALSE
NS cell lines derivatives,GCGR-NS13-PO-NF1null,pons,30+4,FALSE,TRUE,FALSE
NS cell lines derivatives,GCGR-NS13-PO-EGFvlll,pons,30+4,TRUE,TRUE,TRUE
NS cell lines derivatives,GCGR-NS13-PO-TP53null,pons,30+4,TRUE,TRUE,FALSE
NS cell lines derivatives,GCGR-NS13-SC-G56R,spinal cord,30+4,FALSE,TRUE,FALSE
NS cell lines derivatives,GCGR-NS13-SC-NF1null,spinal cord,30+4,FALSE,FALSE,FALSE
NS cell lines derivatives,GCGR-NS13-ME-PTENnull,medulla,30+4,FALSE,TRUE,TRUE
NS cell lines derivatives,GCGR-NS13-ME-EGFvlll,medulla,30+4,TRUE,TRUE,TRUE
NS cell lines derivatives,GCGR-NS13-CO-NF1null,cortex,30+4,FALSE,FALSE,FALSE
NS cell lines derivatives,GCGR-NS13-ST-NPE,striatum,30+4,FALSE,FALSE,TRUE
NS cell lines derivatives,GCGR-NS13-ST-NP,striatum,30+4,TRUE,FALSE,TRUE
NS cell lines derivatives,GCGR-NS13-ST-EGFvlll,striatum,30+4,TRUE,TRUE,FALSE
NS cell lines derivatives,GCGR-NS13-DI-NP,diencephalon,30+4,FALSE,TRUE,TRUE
NS cell lines derivatives,GCGR-NS13-DI-G56R,diencephalon,30+4,FALSE,FALSE,TRUE
NS cell lines derivatives,GCGR-NS13-DI-NF1null,diencephalon,30+4,TRUE,FALSE,TRUE
NS cell lines derivatives,GCGR-NS13-DI-NPE,diencephalon,30+4,TRUE,FALSE,TRUE
NS cell lines derivatives,GCGR-NS13-DI-TP53null,diencephalon,30+4,FALSE,TRUE,TRUE
NS cell lines derivatives,GCGR-NS14-MB-PTENnull,midbrain,24+3,TRUE,TRUE,FALSE
NS cell lines derivatives,GCGR-NS14-MB-TP53null,midbrain,24+3,FALSE,FALSE,TRUE
NS cell lines derivatives,GCGR-NS14-MB-NP,midbrain,24+3,TRUE,FALSE,TRUE
NS cell lines derivatives,GCGR-NS14-MB-EGFvlll,midbrain,24+3,FALSE,TRUE,TRUE
NS cell lines derivatives,GCGR-NS14-MB-NPE,midbrain,24+3,TRUE,FALSE,TRUE
NS cell lines derivatives,GCGR-NS14-MB-NF1null,midbrain,24+3,FALSE,FALSE,FALSE
NS cell lines derivatives,GCGR-NS14-ME-NF1null,medulla,24+3,TRUE,FALSE,FALSE
NS cell lines derivatives,GCGR-NS14-ME-NPE,medulla,24+3,TRUE,FALSE,FALSE
NS cell lines derivatives,GCGR-NS14-ME-PTENnull,medulla,24+3,FALSE,TRUE,FALSE
NS cell lines derivatives,GCGR-NS14-CE-G56R,cerebellum,24+3,TRUE,TRUE,FALSE
NS cell lines derivatives,GCGR-NS14-FB-PTENnull,forebrain,24+3,TRUE,TRUE,TRUE
NS cell lines derivatives,GCGR-NS14-DI-TP53null,diencephalon,24+3,TRUE,TRUE,TRUE
NS cell lines derivatives,GCGR-NS14-DI-PTENnull,diencephalon,24+3,TRUE,TRUE,TRUE
NS cell lines derivatives,GCGR-NS14-DI-G56R,diencephalon,24+3,FALSE,TRUE,TRUE
NS cell lines derivatives,GCGR-NS14-DI-NPE,diencephalon,24+3,FALSE,FALSE,FALSE
NS cell lines derivatives,GCGR-NS14-DI-EGFvlll,diencephalon,24+3,FALSE,TRUE,FALSE
NS cell lines derivatives,GCGR-NS14-DI-NP,diencephalon,24+3,TRUE,FALSE,TRUE
NS cell lines derivatives,GCGR-NS14-PO-NPE,pons,24+3,FALSE,FALSE,TRUE
NS cell lines derivatives,GCGR-NS14-PO-PTENnull,pons,24+3,TRUE,TRUE,TRUE
NS cell lines derivatives,GCGR-NS14-PO-G56R,pons,24+3,FALSE,FALSE,TRUE
NS cell lines derivatives,GCGR-NS14-PO-NF1null,pons,24+3,FALSE,TRUE,FALSE
NS cell lines derivatives,GCGR-NS14-PO-EGFvlll,pons,24+3,TRUE,TRUE,FALSE
NS cell lines derivatives,GCGR-NS14-MI-NPE,midbrain,24+3,TRUE,TRUE,TRUE
NS cell lines derivatives,GCGR-NS14-MI-EGFvlll,midbrain,24+3,FALSE,TRUE,FALSE
NS cell lines derivatives,GCGR-NS14-MI-TP53null,midbrain,24+3,TRUE,FALSE,FALSE
NS cell lines derivatives,GCGR-NS14-MI-PTENnull,midbrain,24+3,FALSE,TRUE,FALSE
NS cell lines derivatives,GCGR-NS14-ST-NF1null,striatum,24+3,TRUE,TRUE,FALSE
NS cell lines derivatives,GCGR-NS14-ST-EGFvlll,striatum,24+3,TRUE,TRUE,TRUE
NS cell lines derivatives,GCGR-NS14-ST-PTENnull,striatum,24+3,TRUE,TRUE,FALSE
NS cell lines derivatives,GCGR-NS14-ST-NPE,striatum,24+3,FALSE,TRUE,TRUE
NS cell lines derivatives,GCGR-NS14-ST-TP53null,striatum,24+3,FALSE,TRUE,TRUE
NS cell lines derivatives,GCGR-NS14-CO-NF1null,cortex,24+3,FALSE,FALSE,FALSE
NS cell lines derivatives,GCGR-NS14-CO-EGFvlll,cortex,24+3,FALSE,TRUE,FALSE
NS cell lines derivatives,GCGR-NS14-CO-NPE,cortex,24+3,TRUE,FALSE,TRUE
NS cell lines derivatives,GCGR-NS14-CO-TP53null,cortex,24+3,FALSE,FALSE,TRUE
NS cell lines derivatives,GCGR-NS14-CO-G56R,cortex,24+3,FALSE,TRUE,FALSE
NS cell lines derivatives,GCGR-NS14-CO-NP,cortex,24+3,FALSE,TRUE,TRUE
NS cell lines derivatives,GCGR-NS14-CO-PTENnull,cortex,24+3,TRUE,TRUE,FALSE
NS cell lines derivatives,GCGR-NS14-HB-NPE,hindbrain,24+3,FALSE,TRUE,TRUE
NS cell lines derivatives,GCGR-NS14-HB-NF1null,hindbrain,24+3,FALSE,FALSE,TRUE
NS cell lines derivatives,GCGR-NS14-HB-TP53null,hindbrain,24+3,FALSE,TRUE,FALSE
NS cell lines derivatives,GCGR-NS14-HB-G56R,hindbrain,24+3,FALSE,FALSE,FALSE
NS cell lines derivatives,GCGR-NS15-CE-NF1null,cerebellum,6+0,TRUE,FALSE,FALSE
NS cell lines derivatives,GCGR-NS15-CE-PTENnull,cerebellum,6+0,TRUE,FALSE,FALSE
NS cell lines derivatives,GCGR-NS15-CE-NPE,cerebellum,6+0,TRUE,TRUE,TRUE
NS cell lines derivatives,GCGR-NS15-PO-G56R,pons,6+0,TRUE,FALSE,TRUE
NS cell lines derivatives,GCGR-NS15-PO-PTENnull,pons,6+0,FALSE,TRUE,TRUE
NS cell lines derivatives,GCGR-NS15-PO-EGFvlll,pons,6+0,TRUE,FALSE,FALSE
NS cell lines derivatives,GCGR-NS15-PO-NP,pons,6+0,FALSE,FALSE,TRUE
NS cell lines derivatives,GCGR-NS15-PO-TP53null,pons,6+0,FALSE,TRUE,FALSE
NS cell lines derivatives,GCGR-NS15-PO-NPE,pons,6+0,FALSE,TRUE,TRUE
NS cell lines derivatives,GCGR-NS15-PO-NF1null,pons,6+0,FALSE,TRUE,FALSE
NS cell lines derivatives,GCGR-NS15-ST-G56R,striatum,6+0,FALSE,FALSE,FALSE
NS cell lines derivatives,GCGR-NS16-SC-NP,spinal cord,6+5,FALSE,FALSE,FALSE
NS cell lines derivatives,GCGR-NS16-SC-NF1null,spinal cord,6+5,TRUE,FALSE,TRUE
NS cell lines derivatives,GCGR-NS16-SC-EGFvlll,spinal cord,6+5,TRUE,FALSE,FALSE
NS cell lines derivatives,GCGR-NS16-SC-G56R,spinal cord,6+5,FALSE,TRUE,TRUE
NS cell lines derivatives,GCGR-NS16-SC-PTENnull,spinal cord,6+5,TRUE,FALSE,TRUE
NS cell lines derivatives,GCGR-NS16-FB-NF1null,forebrain,6+5,TRUE,TRUE,TRUE
NS cell lines derivatives,GCGR-NS16-ME-TP53null,medulla,6+5,TRUE,FALSE,FALSE
NS cell lines derivatives,GCGR-NS16-MB-EGFvlll,midbrain,6+5,TRUE,TRUE,TRUE
NS cell lines derivatives,GCGR-NS16-MB-NP,midbrain,6+5,TRUE,TRUE,FALSE
NS cell lines derivatives,GCGR-NS16-MB-G56R,midbrain,6+5,TRUE,TRUE,TRUE
NS cell lines derivatives,GCGR-NS16-MB-NPE,midbrain,6+5,TRUE,TRUE,TRUE
NS cell lines derivatives,GCGR-NS16-MB-PTENnull,midbrain,6+5,TRUE,TRUE,FALSE
NS cell lines derivatives,GCGR-NS16-DI-NF1null,diencephalon,6+5,FALSE,TRUE,FALSE
NS cell lines derivatives,GCGR-NS16-DI-NP,diencephalon,6+5,FALSE,TRUE,TRUE
NS cell lines derivatives,GCGR-NS16-DI-EGFvlll,diencephalon,6+5,TRUE,FALSE,FALSE
NS cell lines derivatives,GCGR-NS16-ST-NF1null,striatum,6+5,TRUE,FALSE,FALSE
NS cell lines derivatives,GCGR-NS16-ST-TP53null,striatum,6+5,TRUE,FALSE,TRUE
NS cell lines derivatives,GCGR-NS16-ST-PTENnull,striatum,6+5,TRUE,TRUE,TRUE
NS cell lines derivatives,GCGR-NS16-ST-NPE,striatum,6+5,TRUE,TRUE,TRUE
NS cell lines derivatives,GCGR-NS16-ST-EGFvlll,striatum,6+5,FALSE,FALSE,FALSE
NS cell lines derivatives,GCGR-NS17-ME-NF1null,medulla,18+7,TRUE,TRUE,FALSE
NS cell lines derivatives,GCGR-NS17-CO-NP,cortex,18+7,TRUE,FALSE,TRUE
NS cell lines derivatives,GCGR-NS17-CO-NPE,cortex,18+7,FALSE,TRUE,TRUE
NS cell lines derivatives,GCGR-NS17-CO-EGFvlll,cortex,18+7,FALSE,FALSE,FALSE
NS cell lines derivatives,GCGR-NS17-CO-TP53null,cortex,18+7,TRUE,FALSE,TRUE
NS cell lines derivatives,GCGR-NS17-CE-NF1null,cerebellum,18+7,FALSE,FALSE,FALSE
NS cell lines derivatives,GCGR-NS17-ST-NF1null,striatum,18+7,FALSE,FALSE,FALSE
NS cell lines derivatives,GCGR-NS17-ST-G56R,striatum,18+7,TRUE,FALSE,TRUE
NS cell lines derivatives,GCGR-NS17-ST-TP53null,striatum,18+7,TRUE,TRUE,FALSE
NS cell lines derivatives,GCGR-NS17-ST-NPE,striatum,18+7,FALSE,TRUE,TRUE
NS cell lines derivatives,GCGR-NS17-ST-EGFvlll,striatum,18+7,TRUE,TRUE,FALSE
NS cell lines derivatives,GCGR-NS17-MI-G56R,midbrain,18+7,TRUE,TRUE,TRUE
NS cell lines derivatives,GCGR-NS17-MI-EGFvlll,midbrain,18+7,TRUE,FALSE,FALSE
NS cell lines derivatives,GCGR-NS17-MI-NPE,midbrain,18+7,TRUE,TRUE,TRUE
NS cell lines derivatives,GCGR-NS17-SC-PTENnull,spinal cord,18+7,TRUE,TRUE,FALSE
NS cell lines derivatives,GCGR-NS17-SC-NP,spinal cord,18+7,TRUE,FALSE,FALSE
NS cell lines derivatives,GCGR-NS17-SC-G56R,spinal cord,18+7,TRUE,FALSE,FALSE
NS cell lines derivatives,GCGR-NS17-FB-NF1null,forebrain,18+7,TRUE,FALSE,TRUE
NS cell lines derivatives,GCGR-NS17-FB-NP,forebrain,18+7,FALSE,TRUE,FALSE
NS cell lines derivatives,GCGR-NS17-FB-NPE,forebrain,18+7,TRUE,FALSE,FALSE
NS cell lines derivatives,GCGR-NS17-FB-TP53null,forebrain,18+7,FALSE,FALSE,TRUE
NS cell lines derivatives,GCGR-NS17-FB-EGFvlll,forebrain,18+7,TRUE,TRUE,TRUE
NS cell lines derivatives,GCGR-NS17-FB-PTENnull,forebrain,18+7,TRUE,FALSE,TRUE
NS cell lines derivatives,GCGR-NS17-FB-G56R,forebrain,18+7,TRUE,FALSE,FALSE
NS cell lines derivatives,GCGR-NS18-ST-EGFvlll,striatum,24+3,TRUE,TRUE,TRUE
NS cell lines derivatives,GCGR-NS18-ST-G56R,striatum,24+3,TRUE,FALSE,FALSE
NS cell lines derivatives,GCGR-NS18-ST-NF1null,striatum,24+3,FALSE,FALSE,TRUE
NS cell lines derivatives,GCGR-NS18-ST-NPE,striatum,24+3,FALSE,FALSE,TRUE
NS cell lines derivatives,GCGR-NS18-ST-PTENnull,striatum,24+3,TRUE,TRUE,FALSE
NS cell lines derivatives,GCGR-NS18-PO-TP53null,pons,24+3,TRUE,FALSE,TRUE
NS cell lines derivatives,GCGR-NS18-PO-NF1null,pons,24+3,TRUE,FALSE,TRUE
NS cell lines derivatives,GCGR-NS18-PO-G56R,pons,24+3,TRUE,TRUE,TRUE
NS cell lines derivatives,GCGR-NS18-PO-PTENnull,pons,24+3,TRUE,TRUE,TRUE
NS cell lines derivatives,GCGR-NS18-PO-EGFvlll,pons,24+3,TRUE,TRUE,TRUE
NS cell lines derivatives,GCGR-NS18-MB-TP53null,midbrain,24+3,FALSE,FALSE,TRUE
NS cell lines derivatives,GCGR-NS18-MB-NF1null,midbrain,24+3,TRUE,FALSE,FALSE
NS cell lines derivatives,GCGR-NS18-MB-PTENnull,midbrain,24+3,TRUE,TRUE,FALSE
NS cell lines derivatives,GCGR-NS18-MB-G56R,midbrain,24+3,FALSE,TRUE,FALSE
NS cell lines derivatives,GCGR-NS18-ME-PTENnull,medulla,24+3,FALSE,TRUE,TRUE
NS cell lines derivatives,GCGR-NS18-ME-NP,medulla,24+3,TRUE,FALSE,FALSE
NS cell lines derivatives,GCGR-NS18-ME-NF1null,medulla,24+3,TRUE,FALSE,FALSE
NS cell lines derivatives,GCGR-NS18-ME-NPE,medulla,24+3,FALSE,FALSE,TRUE
NS cell lines derivatives,GCGR-NS18-DI-PTENnull,diencephalon,24+3,FALSE,TRUE,TRUE
NS cell lines derivatives,GCGR-NS18-DI-TP53null,diencephalon,24+3,FALSE,FALSE,FALSE
NS cell lines derivatives,GCGR-NS18-DI-EGFvlll,diencephalon,24+3,TRUE,TRUE,TRUE
NS cell lines derivatives,GCGR-NS18-DI-NP,diencephalon,24+3,FALSE,FALSE,FALSE
NS cell lines derivatives,GCGR-NS18-DI-NF1null,diencephalon,24+3,FALSE,FALSE,TRUE
NS cell lines derivatives,GCGR-NS18-MI-G56R,midbrain,24+3,FALSE,TRUE,FALSE
NS cell lines derivatives,GCGR-NS18-MI-NP,midbrain,24+3,FALSE,TRUE,FALSE
NS cell lines derivatives,GCGR-NS18-MI-EGFvlll,midbrain,24+3,FALSE,FALSE,FALSE
NS cell lines derivatives,GCGR-NS18-MI-NPE,midbrain,24+3,TRUE,TRUE,TRUE
NS cell lines derivatives,GCGR-NS18-FB-NP,forebrain,24+3,FALSE,TRUE,FALSE
NS cell lines derivatives,GCGR-NS18-FB-G56R,forebrain,24+3,TRUE,TRUE,FALSE
NS cell lines derivatives,GCGR-NS18-SC-TP53null,spinal cord,24+3,TRUE,TRUE,FALSE
NS cell lines derivatives,GCGR-NS18-SC-NPE,spinal cord,24+3,TRUE,FALSE,TRUE
NS cell lines derivatives,GCGR-NS18-SC-G56R,spinal cord,24+3,TRUE,FALSE,FALSE
NS cell lines derivatives,GCGR-NS18-SC-PTENnull,spinal cord,24+3,TRUE,TRUE,TRUE
NS cell lines derivatives,GCGR-NS18-SC-NF1null,spinal cord,24+3,FALSE,FALSE,FALSE
NS cell lines derivatives,GCGR-NS18-CE-TP53null,cerebellum,24+3,FALSE,TRUE,TRUE
NS cell lines derivatives,GCGR-NS18-CE-EGFvlll,cerebellum,24+3,FALSE,FALSE,TRUE
NS cell lines derivatives,GCGR-NS18-CE-PTENnull,cerebellum,24+3,FALSE,TRUE,TRUE
NS cell lines derivatives,GCGR-NS18-CE-NPE,cerebellum,24+3,FALSE,TRUE,FALSE
NS cell lines derivatives,GCGR-NS18-CE-NP,cerebellum,24+3,FALSE,TRUE,TRUE
NS cell lines derivatives,GCGR-NS18-CE-G56R,cerebellum,24+3,TRUE,FALSE,FALSE
NS cell lines derivatives,GCGR-NS18-CE-NF1null,cerebellum,24+3,FALSE,FALSE,TRUE
NS cell lines derivatives,GCGR-NS18-CO-G56R,cortex,24+3,FALSE,TRUE,FALSE
NS cell lines derivatives,GCGR-NS18-CO-TP53null,cortex,24+3,TRUE,TRUE,TRUE
NS cell lines derivatives,GCGR-NS18-CO-PTENnull,cortex,24+3,TRUE,FALSE,TRUE
NS cell lines derivatives,GCGR-NS18-HB-NP,hindbrain,24+3,TRUE,FALSE,FALSE
NS cell lines derivatives,GCGR-NS18-HB-PTENnull,hindbrain,24+3,TRUE,TRUE,TRUE
NS cell lines derivatives,GCGR-NS18-HB-G56R,hindbrain,24+3,FALSE,FALSE,TRUE
NS cell lines derivatives,GCGR-NS18-HB-NF1null,hindbrain,24+3,FALSE,TRUE,FALSE
NS cell lines derivatives,GCGR-NS18-HB-EGFvlll,hindbrain,24+3,TRUE,TRUE,FALSE
NS cell lines derivatives,GCGR-NS19-MB-NF1null,midbrain,18+7,TRUE,TRUE,FALSE
NS cell lines derivatives,GCGR-NS19-MB-EGFvlll,midbrain,18+7,TRUE,TRUE,TRUE
NS cell lines derivatives,GCGR-NS19-MB-PTENnull,midbrain,18+7,FALSE,TRUE,FALSE
NS cell lines derivatives,GCGR-NS19-MB-NP,midbrain,18+7,TRUE,TRUE,TRUE
NS cell lines derivatives,GCGR-NS19-MB-TP53null,midbrain,18+7,FALSE,FALSE,TRUE
NS cell lines derivatives,GCGR-NS19-SC-NF1null,spinal cord,18+7,TRUE,TRUE,FALSE
NS cell lines derivatives,GCGR-NS19-SC-TP53null,spinal cord,18+7,FALSE,FALSE,FALSE
NS cell lines derivatives,GCGR-NS19-SC-NPE,spinal cord,18+7,FALSE,FALSE,TRUE
NS cell lines derivatives,GCGR-NS19-SC-PTENnull,spinal cord,18+7,FALSE,FALSE,FALSE
NS cell lines derivatives,GCGR-NS19-ME-NF1null,medulla,18+7,FALSE,FALSE,FALSE
NS cell lines derivatives,GCGR-NS19-ME-TP53null,medulla,18+7,TRUE,FALSE,TRUE
NS cell lines derivatives,GCGR-NS19-ME-NPE,medulla,18+7,FALSE,FALSE,TRUE
NS cell lines derivatives,GCGR-NS19-ME-G56R,medulla,18+7,FALSE,FALSE,FALSE
NS cell lines derivatives,GCGR-NS19-ME-EGFvlll,medulla,18+7,FALSE,TRUE,FALSE
NS cell lines derivatives,GCGR-NS19-ME-NP,medulla,18+7,FALSE,TRUE,TRUE
NS cell lines derivatives,GCGR-NS19-ME-PTENnull,medulla,18+7,TRUE,TRUE,FALSE
NS cell lines derivatives,GCGR-NS19-PO-NF1null,pons,18+7,FALSE,FALSE,FALSE
NS cell lines derivatives,GCGR-NS19-PO-TP53null,pons,18+7,TRUE,FALSE,TRUE
NS cell lines derivatives,GCGR-NS19-PO-PTENnull,pons,18+7,FALSE,FALSE,FALSE
NS cell lines derivatives,GCGR-NS19-PO-G56R,pons,18+7,TRUE,TRUE,FALSE
NS cell lines derivatives,GCGR-NS19-ST-PTENnull,striatum,18+7,FALSE,FALSE,FALSE
NS cell lines derivatives,GCGR-NS19-CO-EGFvlll,cortex,18+7,FALSE,TRUE,FALSE
NS cell lines derivatives,GCGR-NS19-CO-TP53null,cortex,18+7,TRUE,TRUE,FALSE
NS cell lines derivatives,GCGR-NS19-CO-NF1null,cortex,18+7,FALSE,FALSE,FALSE
NS cell lines derivatives,GCGR-NS19-CO-PTENnull,cortex,18+7,TRUE,TRUE,FALSE
NS cell lines derivatives,GCGR-NS19-DI-NPE,diencephalon,18+7,TRUE,TRUE,FALSE
NS cell lines derivatives,GCGR-NS19-DI-TP53null,diencephalon,18+7,TRUE,TRUE,TRUE
NS cell lines derivatives,GCGR-NS19-DI-G56R,diencephalon,18+7,TRUE,FALSE,TRUE
NS cell lines derivatives,GCGR-NS19-DI-PTENnull,diencephalon,18+7,FALSE,FALSE,TRUE
NS cell lines derivatives,GCGR-NS19-MI-NP,midbrain,18+7,TRUE,TRUE,TRUE
NS cell lines derivatives,GCGR-NS19-MI-NPE,midbrain,18+7,FALSE,FALSE,TRUE
NS cell lines derivatives,GCGR-NS19-MI-G56R,midbrain,18+7,FALSE,TRUE,TRUE
NS cell lines derivatives,GCGR-NS19-MI-EGFvlll,midbrain,18+7,FALSE,FALSE,FALSE
NS cell lines derivatives,GCGR-NS19-MI-TP53null,midbrain,18+7,FALSE,TRUE,FALSE
NS cell lines derivatives,GCGR-NS19-CE-NP,cerebellum,18+7,TRUE,FALSE,TRUE
NS cell lines derivatives,GCGR-NS19-CE-TP53null,cerebellum,18+7,FALSE,FALSE,TRUE
NS cell lines derivatives,GCGR-NS19-CE-NPE,cerebellum,18+7,FALSE,FALSE,FALSE
NS cell lines derivatives,GCGR-NS19-HB-EGFvlll,hindbrain,18+7,TRUE,FALSE,FALSE
NS cell lines derivatives,GCGR-NS19-HB-NF1null,hindbrain,18+7,TRUE,FALSE,FALSE
NS cell lines derivatives,GCGR-NS19-FB-NP,forebrain,18+7,FALSE,TRUE,FALSE
NS cell lines derivatives,GCGR-NS19-FB-EGFvlll,forebrain,18+7,FALSE,FALSE,TRUE
NS cell lines derivatives,GCGR-NS19-FB-G56R,forebrain,18+7,TRUE,TRUE,FALSE
NS cell lines derivatives,GCGR-NS20-DI-EGFvlll,diencephalon,6+0,TRUE,TRUE,FALSE
NS cell lines derivatives,GCGR-NS20-DI-PTENnull,diencephalon,6+0,TRUE,TRUE,FALSE
NS cell lines derivatives,GCGR-NS20-DI-NF1null,diencephalon,6+0,TRUE,FALSE,FALSE
NS cell lines derivatives,GCGR-NS20-DI-NP,diencephalon,6+0,TRUE,TRUE,FALSE
NS cell lines derivatives,GCGR-NS20-DI-G56R,diencephalon,6+0,FALSE,FALSE,FALSE
NS cell lines derivatives,GCGR-NS20-DI-TP53null,diencephalon,6+0,TRUE,TRUE,TRUE
NS cell lines derivatives,GCGR-NS20-DI-NPE,diencephalon,6+0,FALSE,TRUE,FALSE
NS cell lines derivatives,GCGR-NS20-HB-EGFvlll,hindbrain,6+0,TRUE,FALSE,FALSE
NS cell lines derivatives,GCGR-NS20-HB-NF1null,hindbrain,6+0,TRUE,FALSE,TRUE
NS cell lines derivatives,GCGR-NS20-HB-TP53null,hindbrain,6+0,FALSE,FALSE,TRUE
NS cell lines derivatives,GCGR-NS20-HB-NPE,hindbrain,6+0,FALSE,FALSE,FALSE
NS cell lines derivatives,GCGR-NS20-CE-NPE,cerebellum,6+0,FALSE,FALSE,TRUE
NS cell lines derivatives,GCGR-NS20-FB-NF1null,forebrain,6+0,FALSE,FALSE,FALSE
NS cell lines derivatives,GCGR-NS20-FB-G56R,forebrain,6+0,FALSE,TRUE,TRUE
NS cell lines derivatives,GCGR-NS20-CO-EGFvlll,cortex,6+0,FALSE,TRUE,TRUE
NS cell lines derivatives,GCGR-NS20-CO-TP53null,cortex,6+0,FALSE,TRUE,TRUE
NS cell lines derivatives,GCGR-NS20-CO-G56R,cortex,6+0,FALSE,FALSE,TRUE
NS cell lines derivatives,GCGR-NS20-MB-TP53null,midbrain,6+0,FALSE,TRUE,TRUE
NS cell lines derivatives,GCGR-NS20-MB-PTENnull,midbrain,6+0,FALSE,FALSE,TRUE
NS cell lines derivatives,GCGR-NS20-MB-NPE,midbrain,6+0,TRUE,FALSE,TRUE
NS cell lines derivatives,GCGR-NS20-MB-NP,midbrain,6+0,FALSE,FALSE,TRUE
NS cell lines derivatives,GCGR-NS20-ST-NF1null,striatum,6+0,FALSE,FALSE,FALSE
NS cell lines derivatives,GCGR-NS20-ST-NPE,striatum,6+0,TRUE,FALSE,FALSE
NS cell lines derivatives,GCGR-NS20-PO-NPE,pons,6+0,TRUE,FALSE,TRUE
NS cell lines derivatives,GCGR-NS20-PO-NP,pons,6+0,FALSE,FALSE,FALSE
NS cell lines derivatives,GCGR-NS20-PO-PTENnull,pons,6+0,FALSE,TRUE,TRUE
NS cell lines derivatives,GCGR-NS20-PO-G56R,pons,6+0,TRUE,FALSE,TRUE
NS cell lines derivatives,GCGR-NS20-PO-EGFvlll,pons,6+0,TRUE,FALSE,TRUE
NS cell lines derivatives,GCGR-NS20-ME-NF1null,medulla,6+0,FALSE,TRUE,TRUE
NS cell lines derivatives,GCGR-NS20-ME-NPE,medulla,6+0,FALSE,FALSE,TRUE
NS cell lines derivatives,GCGR-NS20-ME-G56R,medulla,6+0,TRUE,TRUE,FALSE
NS cell lines derivatives,GCGR-NS20-ME-TP53null,medulla,6+0,TRUE,FALSE,FALSE
NS cell lines derivatives,GCGR-NS20-SC-NPE,spinal cord,6+0,TRUE,TRUE,TRUE
NS cell lines derivatives,GCGR-NS20-SC-G56R,spinal cord,6+0,TRUE,FALSE,FALSE
NS cell lines derivatives,GCGR-NS20-SC-NF1null,spinal cord,6+0,TRUE,TRUE,TRUE
NS cell lines derivatives,GCGR-NS20-SC-EGFvlll,spinal cord,6+0,TRUE,FALSE,FALSE
NS cell lines derivatives,GCGR-NS21-CE-TP53null,cerebellum,30+4,TRUE,TRUE,FALSE
NS cell lines derivatives,GCGR-NS21-CE-PTENnull,cerebellum,30+4,FALSE,TRUE,FALSE
NS cell lines derivatives,GCGR-NS21-CE-NP,cerebellum,30+4,FALSE,TRUE,TRUE
NS cell lines derivatives,GCGR-NS21-HB-PTENnull,hindbrain,30+4,FALSE,TRUE,TRUE
NS cell lines derivatives,GCGR-NS21-HB-TP53null,hindbrain,30+4,FALSE,TRUE,TRUE
NS cell lines derivatives,GCGR-NS21-HB-NF1null,hindbrain,30+4,FALSE,TRUE,FALSE
NS cell lines derivatives,GCGR-NS21-HB-NP,hindbrain,30+4,FALSE,FALSE,FALSE
NS cell lines derivatives,GCGR-NS21-HB-NPE,hindbrain,30+4,TRUE,FALSE,FALSE
NS cell lines derivatives,GCGR-NS21-HB-EGFvlll,hindbrain,30+4,TRUE,TRUE,TRUE
NS cell lines derivatives,GCGR-NS21-SC-NF1null,spinal cord,30+4,FALSE,TRUE,TRUE
NS cell lines derivatives,GCGR-NS21-SC-PTENnull,spinal cord,30+4,FALSE,TRUE,TRUE
NS cell lines derivatives,GCGR-NS21-SC-TP53null,spinal cord,30+4,TRUE,FALSE,FALSE
NS cell lines derivatives,GCGR-NS21-SC-NP,spinal cord,30+4,FALSE,TRUE,FALSE
NS cell lines derivatives,GCGR-NS21-SC-NPE,spinal cord,30+4,FALSE,TRUE,TRUE
NS cell lines derivatives,GCGR-NS21-SC-EGFvlll,spinal cord,30+4,FALSE,FALSE,FALSE
NS cell lines derivatives,GCGR-NS21-SC-G56R,spinal cord,30+4,TRUE,FALSE,TRUE
NS cell lines derivatives,GCGR-NS22-PO-EGFvlll,pons,6+5,FALSE,FALSE,FALSE
NS cell lines derivatives,GCGR-NS22-PO-NPE,pons,6+5,TRUE,FALSE,FALSE
NS cell lines derivatives,GCGR-NS22-PO-PTENnull,pons,6+5,FALSE,FALSE,TRUE
NS cell lines derivatives,GCGR-NS22-PO-NP,pons,6+5,TRUE,TRUE,FALSE
NS cell lines derivatives,GCGR-NS22-PO-TP53null,pons,6+5,FALSE,TRUE,FALSE
NS cell lines derivatives,GCGR-NS22-PO-G56R,pons,6+5,FALSE,TRUE,FALSE
NS cell lines derivatives,GCGR-NS22-PO-NF1null,pons,6+5,FALSE,FALSE,TRUE
NS cell lines derivatives,GCGR-NS22-MI-NP,midbrain,6+5,TRUE,TRUE,FALSE
NS cell lines derivatives,GCGR-NS22-MI-EGFvlll,midbrain,6+5,FALSE,TRUE,TRUE
NS cell lines derivatives,GCGR-NS22-MI-G56R,midbrain,6+5,FALSE,TRUE,TRUE
NS cell lines derivatives,GCGR-NS22-MI-NF1null,midbrain,6+5,FALSE,TRUE,FALSE
NS cell lines derivatives,GCGR-NS22-MI-NPE,midbrain,6+5,FALSE,FALSE,TRUE
NS cell lines derivatives,GCGR-NS22-MI-TP53null,midbrain,6+5,FALSE,TRUE,TRUE
NS cell lines derivatives,GCGR-NS22-ST-NPE,striatum,6+5,FALSE,FALSE,TRUE
NS cell lines derivatives,GCGR-NS22-ST-NP,striatum,6+5,TRUE,FALSE,TRUE
NS cell lines derivatives,GCGR-NS22-ST-EGFvlll,striatum,6+5,FALSE,FALSE,TRUE
NS cell lines derivatives,GCGR-NS22-ST-NF1null,striatum,6+5,TRUE,TRUE,TRUE
NS cell lines derivatives,GCGR-NS22-ST-PTENnull,striatum,6+5,TRUE,TRUE,TRUE
NS cell lines derivatives,GCGR-NS22-DI-NPE,diencephalon,6+5,FALSE,FALSE,TRUE
NS cell lines derivatives,GCGR-NS22-DI-NF1null,diencephalon,6+5,FALSE,TRUE,TRUE
NS cell lines derivatives,GCGR-NS22-DI-TP53null,diencephalon,6+5,FALSE,FALSE,FALSE
NS cell lines derivatives,GCGR-NS22-DI-EGFvlll,diencephalon,6+5,TRUE,FALSE,TRUE
NS cell lines derivatives,GCGR-NS22-CO-NPE,cortex,6+5,TRUE,FALSE,TRUE
NS cell lines derivatives,GCGR-NS22-CE-TP53null,cerebellum,6+5,FALSE,TRUE,TRUE
NS cell lines derivatives,GCGR-NS22-CE-NF1null,cerebellum,6+5,FALSE,FALSE,FALSE
NS cell lines derivatives,GCGR-NS22-CE-NPE,cerebellum,6+5,TRUE,FALSE,TRUE
NS cell lines derivatives,GCGR-NS22-FB-EGFvlll,forebrain,6+5,FALSE,TRUE,FALSE
NS cell lines derivatives,GCGR-NS22-FB-G56R,forebrain,6+5,FALSE,FALSE,FALSE
NS cell lines derivatives,GCGR-NS22-FB-NP,forebrain,6+5,FALSE,TRUE,FALSE
NS cell lines derivatives,GCGR-NS22-FB-PTENnull,forebrain,6+5,FALSE,TRUE,TRUE
NS cell lines derivatives,GCGR-NS22-FB-NF1null,forebrain,6+5,TRUE,FALSE,FALSE
NS cell lines derivatives,GCGR-NS22-FB-TP53null,forebrain,6+5,FALSE,TRUE,TRUE
NS cell lines derivatives,GCGR-NS22-FB-NPE,forebrain,6+5,TRUE,FALSE,FALSE
NS cell lines derivatives,GCGR-NS22-ME-TP53null,medulla,6+5,TRUE,FALSE,FALSE
NS cell lines derivatives,GCGR-NS22-ME-G56R,medulla,6+5,TRUE,FALSE,TRUE
NS cell lines derivatives,GCGR-NS22-ME-EGFvlll,medulla,6+5,TRUE,TRUE,TRUE
NS cell lines derivatives,GCGR-NS22-ME-NPE,medulla,6+5,TRUE,TRUE,FALSE
NS cell lines derivatives,GCGR-NS22-SC-NF1null,spinal cord,6+5,TRUE,TRUE,TRUE
NS cell lines derivatives,GCGR-NS22-SC-EGFvlll,spinal cord,6+5,TRUE,TRUE,TRUE
NS cell lines derivatives,GCGR-NS22-SC-NP,spinal cord,6+5,TRUE,FALSE,TRUE
NS cell lines derivatives,GCGR-NS22-SC-TP53null,spinal cord,6+5,FALSE,FALSE,FALSE
NS cell lines derivatives,GCGR-NS22-SC-G56R,spinal cord,6+5,FALSE,FALSE,FALSE
NS cell lines derivatives,GCGR-NS23-CE-PTENnull,cerebellum,30+4,TRUE,TRUE,TRUE
NS cell lines derivatives,GCGR-NS23-CE-EGFvlll,cerebellum,30+4,TRUE,FALSE,TRUE
NS cell lines derivatives,GCGR-NS23-ST-TP53null,striatum,30+4,TRUE,TRUE,TRUE
NS cell lines derivatives,GCGR-NS23-ST-PTENnull,striatum,30+4,TRUE,FALSE,FALSE
NS cell lines derivatives,GCGR-NS23-ST-EGFvlll,striatum,30+4,TRUE,TRUE,TRUE
NS cell lines derivatives,GCGR-NS24-CE-PTENnull,cerebellum,6+5,TRUE,TRUE,FALSE
NS cell lines derivatives,GCGR-NS24-CE-NPE,cerebellum,6+5,TRUE,TRUE,TRUE
NS cell lines derivatives,GCGR-NS24-CE-NP,cerebellum,6+5,FALSE,TRUE,FALSE
NS cell lines derivatives,GCGR-NS24-CO-G56R,cortex,6+5,TRUE,FALSE,FALSE
NS cell lines derivatives,GCGR-NS24-CO-NPE,cortex,6+5,FALSE,FALSE,TRUE
NS cell lines derivatives,GCGR-NS24-CO-NP,cortex,6+5,TRUE,TRUE,FALSE
NS cell lines derivatives,GCGR-NS24-CO-PTENnull,cortex,6+5,FALSE,FALSE,TRUE
NS cell lines derivatives,GCGR-NS24-CO-TP53null,cortex,6+5,TRUE,TRUE,FALSE
NS cell lines derivatives,GCGR-NS24-SC-NPE,spinal cord,6+5,FALSE,FALSE,FALSE
NS cell lines derivatives,GCGR-NS24-SC-TP53null,spinal cord,6+5,FALSE,TRUE,FALSE
NS cell lines derivatives,GCGR-NS24-SC-NP,spinal cord,6+5,FALSE,FALSE,TRUE
NS cell lines derivatives,GCGR-NS24-SC-PTENnull,spinal cord,6+5,FALSE,FALSE,FALSE
NS cell lines derivatives,GCGR-NS24-SC-G56R,spinal cord,6+5,FALSE,TRUE,TRUE
NS cell lines derivatives,GCGR-NS25-PO-NPE,pons,6+5,FALSE,TRUE,TRUE
NS cell lines derivatives,GCGR-NS25-PO-TP53null,pons,6+5,FALSE,TRUE,FALSE
NS cell lines derivatives,GCGR-NS25-PO-EGFvlll,pons,6+5,TRUE,TRUE,FALSE
NS cell lines derivatives,GCGR-NS25-PO-NP,pons,6+5,TRUE,FALSE,FALSE
NS cell lines derivatives,GCGR-NS25-PO-G56R,pons,6+5,TRUE,FALSE,TRUE
NS cell lines derivatives,GCGR-NS25-CO-TP53null,cortex,6+5,TRUE,FALSE,FALSE
NS cell lines derivatives,GCGR-NS25-CO-EGFvlll,cortex,6+5,TRUE,TRUE,FALSE
NS cell lines derivatives,GCGR-NS25-CO-NF1null,cortex,6+5,FALSE,TRUE,FALSE
NS cell lines derivatives,GCGR-NS25-CO-NPE,cortex,6+5,TRUE,TRUE,TRUE
NS cell lines derivatives,GCGR-NS25-DI-TP53null,diencephalon,6+5,FALSE,TRUE,FALSE
NS cell lines derivatives,GCGR-NS25-DI-EGFvlll,diencephalon,6+5,FALSE,FALSE,FALSE
NS cell lines derivatives,GCGR-NS25-DI-NF1null,diencephalon,6+5,TRUE,FALSE,FALSE
NS cell lines derivatives,GCGR-NS25-ME-EGFvlll,medulla,6+5,TRUE,TRUE,FALSE
NS cell lines derivatives,GCGR-NS25-ME-TP53null,medulla,6+5,TRUE,TRUE,FALSE
NS cell lines derivatives,GCGR-NS25-ME-NPE,medulla,6+5,FALSE,TRUE,TRUE
NS cell lines derivatives,GCGR-NS25-ME-NF1null,medulla,6+5,FALSE,TRUE,TRUE
NS cell lines derivatives,GCGR-NS25-ME-NP,medulla,6+5,TRUE,TRUE,FALSE
NS cell lines derivatives,GCGR-NS25-ST-NF1null,striatum,6+5,FALSE,FALSE,TRUE
NS cell lines derivatives,GCGR-NS25-ST-PTENnull,striatum,6+5,FALSE,FALSE,FALSE
NS cell lines derivatives,GCGR-NS25-ST-NP,striatum,6+5,FALSE,FALSE,FALSE
NS cell lines derivatives,GCGR-NS25-SC-NF1null,spinal cord,6+5,FALSE,FALSE,FALSE
NS cell lines derivatives,GCGR-NS26-PO-G56R,pons,12+6,TRUE,FALSE,FALSE
NS cell lines derivatives,GCGR-NS26-PO-NF1null,pons,12+6,TRUE,TRUE,FALSE
NS cell lines derivatives,GCGR-NS26-PO-NPE,pons,12+6,FALSE,FALSE,TRUE
NS cell lines derivatives,GCGR-NS26-PO-NP,pons,12+6,TRUE,FALSE,FALSE
NS cell lines derivatives,GCGR-NS26-DI-NPE,diencephalon,12+6,FALSE,TRUE,FALSE
NS cell lines derivatives,GCGR-NS26-DI-EGFvlll,diencephalon,12+6,FALSE,TRUE,TRUE
NS cell lines derivatives,GCGR-NS26-DI-NP,diencephalon,12+6,FALSE,TRUE,FALSE
NS cell lines derivatives,GCGR-NS26-ST-NP,striatum,12+6,FALSE,FALSE,TRUE
NS cell lines derivatives,GCGR-NS27-CO-NF1null,cortex,6+5,FALSE,TRUE,TRUE
NS cell lines derivatives,GCGR-NS27-CO-EGFvlll,cortex,6+5,FALSE,TRUE,FALSE
NS cell lines derivatives,GCGR-NS27-CO-PTENnull,cortex,6+5,FALSE,TRUE,FALSE
NS cell lines derivatives,GCGR-NS27-CO-NP,cortex,6+5,FALSE,FALSE,TRUE
NS cell lines derivatives,GCGR-NS27-CO-NPE,cortex,6+5,TRUE,FALSE,FALSE
NS cell lines derivatives,GCGR-NS27-CO-TP53null,cortex,6+5,FALSE,FALSE,TRUE
NS cell lines derivatives,GCGR-NS27-ME-TP53null,medulla,6+5,TRUE,TRUE,FALSE
NS cell lines derivatives,GCGR-NS27-ME-G56R,medulla,6+5,TRUE,TRUE,TRUE
NS cell lines derivatives,GCGR-NS28-CE-NP,cerebellum,6+0,FALSE,FALSE,FALSE
NS cell lines derivatives,GCGR-NS28-CE-NF1null,cerebellum,6+0,TRUE,TRUE,FALSE
NS cell lines derivatives,GCGR-NS28-CE-TP53null,cerebellum,6+0,TRUE,FALSE,TRUE
NS cell lines derivatives,GCGR-NS28-CE-G56R,cerebellum,6+0,TRUE,FALSE,FALSE
NS cell lines derivatives,GCGR-NS28-CE-EGFvlll,cerebellum,6+0,FALSE,FALSE,FALSE
NS cell lines derivatives,GCGR-NS28-FB-NP,forebrain,6+0,FALSE,TRUE,FALSE
NS cell lines derivatives,GCGR-NS28-FB-PTENnull,forebrain,6+0,FALSE,TRUE,TRUE
NS cell lines derivatives,GCGR-NS28-FB-TP53null,forebrain,6+0,FALSE,FALSE,FALSE
NS cell lines derivatives,GCGR-NS28-DI-G56R,diencephalon,6+0,FALSE,FALSE,TRUE
NS cell lines derivatives,GCGR-NS28-DI-NF1null,diencephalon,6+0,FALSE,TRUE,FALSE
NS cell lines derivatives,GCGR-NS28-DI-TP53null,diencephalon,6+0,FALSE,TRUE,TRUE
NS cell lines derivatives,GCGR-NS28-DI-NP,diencephalon,6+0,TRUE,FALSE,TRUE
NS cell lines derivatives,GCGR-NS28-DI-PTENnull,diencephalon,6+0,TRUE,FALSE,TRUE
NS cell lines derivatives,GCGR-NS28-DI-NPE,diencephalon,6+0,TRUE,FALSE,FALSE
NS cell lines derivatives,GCGR-NS28-MI-NP,midbrain,6+0,FALSE,FALSE,FALSE
NS cell lines derivatives,GCGR-NS28-MI-PTENnull,midbrain,6+0,TRUE,TRUE,TRUE
NS cell lines derivatives,GCGR-NS28-MI-G56R,midbrain,6+0,FALSE,FALSE,TRUE
NS cell lines derivatives,GCGR-NS28-MI-TP53null,midbrain,6+0,TRUE,TRUE,FALSE
NS cell lines derivatives,GCGR-NS28-ST-NPE,striatum,6+0,TRUE,FALSE,FALSE
NS cell lines derivatives,GCGR-NS28-ST-PTENnull,striatum,6+0,TRUE,FALSE,TRUE
NS cell lines derivatives,GCGR-NS28-ST-NP,striatum,6+0,FALSE,TRUE,FALSE
NS cell lines derivatives,GCGR-NS28-ST-NF1null,striatum,6+0,FALSE,TRUE,FALSE
NS cell lines derivatives,GCGR-NS28-ST-EGFvlll,striatum,6+0,TRUE,TRUE,TRUE
NS cell lines derivatives,GCGR-NS28-ST-G56R,striatum,6+0,TRUE,FALSE,FALSE
NS cell lines derivatives,GCGR-NS28-HB-NF1null,hindbrain,6+0,FALSE,TRUE,TRUE
NS cell lines derivatives,GCGR-NS28-HB-TP53null,hindbrain,6+0,TRUE,FALSE,TRUE
NS cell lines derivatives,GCGR-NS28-HB-NPE,hindbrain,6+0,TRUE,TRUE,FALSE
NS cell lines derivatives,GCGR-NS28-MB-EGFvlll,midbrain,6+0,FALSE,FALSE,TRUE
NS cell lines derivatives,GCGR-NS28-MB-NP,midbrain,6+0,TRUE,TRUE,FALSE
NS cell lines derivatives,GCGR-NS28-MB-NF1null,midbrain,6+0,FALSE,TRUE,FALSE
NS cell lines derivatives,GCGR-NS28-MB-PTENnull,midbrain,6+0,FALSE,FALSE,TRUE
NS cell lines derivatives,GCGR-NS28-MB-NPE,midbrain,6+0,TRUE,TRUE,FALSE
NS cell lines derivatives,GCGR-NS28-MB-TP53null,midbrain,6+0,FALSE,TRUE,FALSE
NS cell lines derivatives,GCGR-NS28-MB-G56R,midbrain,6+0,FALSE,TRUE,FALSE
NS cell lines derivatives,GCGR-NS29-FB-PTENnull,forebrain,18+2,TRUE,TRUE,TRUE
NS cell lines derivatives,GCGR-NS29-FB-G56R,forebrain,18+2,TRUE,TRUE,TRUE
NS cell lines derivatives,GCGR-NS29-FB-NPE,forebrain,18+2,TRUE,FALSE,FALSE
NS cell lines derivatives,GCGR-NS29-FB-EGFvlll,forebrain,18+2,FALSE,TRUE,FALSE
NS cell lines derivatives,GCGR-NS29-MI-G56R,midbrain,18+2,TRUE,TRUE,FALSE
NS cell lines derivatives,GCGR-NS29-MI-NPE,midbrain,18+2,TRUE,TRUE,FALSE
NS cell lines derivatives,GCGR-NS29-MI-NP,midbrain,18+2,TRUE,FALSE,TRUE
NS cell lines derivatives,GCGR-NS29-MI-TP53null,midbrain,18+2,FALSE,TRUE,TRUE
NS cell lines derivatives,GCGR-NS29-MI-NF1null,midbrain,18+2,FALSE,FALSE,TRUE
NS cell lines derivatives,GCGR-NS29-ME-NPE,medulla,18+2,FALSE,FALSE,FALSE
NS cell lines derivatives,GCGR-NS29-SC-G56R,spinal cord,18+2,FALSE,FALSE,FALSE
NS cell lines derivatives,GCGR-NS29-SC-PTENnull,spinal cord,18+2,TRUE,FALSE,TRUE
NS cell lines derivatives,GCGR-NS29-SC-TP53null,spinal cord,18+2,FALSE,FALSE,TRUE
NS cell lines derivatives,GCGR-NS29-SC-NF1null,spinal cord,18+2,FALSE,FALSE,TRUE
NS cell lines derivatives,GCGR-NS29-SC-NP,spinal cord,18+2,FALSE,TRUE,TRUE
NS cell lines derivatives,GCGR-NS29-SC-NPE,spinal cord,18+2,TRUE,TRUE,FALSE
NS cell lines derivatives,GCGR-NS29-MB-NPE,midbrain,18+2,FALSE,FALSE,FALSE
NS cell lines derivatives,GCGR-NS29-MB-EGFvlll,midbrain,18+2,TRUE,FALSE,TRUE
NS cell lines derivatives,GCGR-NS29-MB-G56R,midbrain,18+2,TRUE,TRUE,FALSE
NS cell lines derivatives,GCGR-NS29-MB-NF1null,midbrain,18+2,FALSE,TRUE,TRUE
NS cell lines derivatives,GCGR-NS29-MB-PTENnull,midbrain,18+2,TRUE,FALSE,FALSE
NS cell lines derivatives,GCGR-NS29-CO-NF1null,cortex,18+2,FALSE,FALSE,FALSE
NS cell lines derivatives,GCGR-NS29-CO-NPE,cortex,18+2,FALSE,TRUE,FALSE
NS cell lines derivatives,GCGR-NS29-CO-TP53null,cortex,18+2,FALSE,FALSE,FALSE
NS cell lines derivatives,GCGR-NS29-CO-EGFvlll,cortex,18+2,TRUE,TRUE,TRUE
NS cell lines derivatives,GCGR-NS29-DI-TP53null,diencephalon,18+2,TRUE,FALSE,FALSE
NS cell lines derivatives,GCGR-NS29-DI-G56R,diencephalon,18+2,FALSE,TRUE,FALSE
NS cell lines derivatives,GCGR-NS29-HB-NF1null,hindbrain,18+2,TRUE,TRUE,FALSE
NS cell lines derivatives,GCGR-NS29-HB-EGFvlll,hindbrain,18+2,TRUE,FALSE,TRUE
NS cell lines derivatives,GCGR-NS29-HB-G56R,hindbrain,18+2,TRUE,FALSE,FALSE
NS cell lines derivatives,GCGR-NS29-ST-EGFvlll,striatum,18+2,TRUE,FALSE,FALSE
NS cell lines derivatives,GCGR-NS29-ST-PTENnull,striatum,18+2,FALSE,TRUE,FALSE
NS cell lines derivatives,GCGR-NS29-ST-TP53null,striatum,18+2,FALSE,TRUE,FALSE
NS cell lines derivatives,GCGR-NS29-ST-NPE,striatum,18+2,FALSE,TRUE,TRUE
NS cell lines derivatives,GCGR-NS29-ST-NP,striatum,18+2,TRUE,FALSE,TRUE
NS cell lines derivatives,GCGR-NS29-ST-NF1null,striatum,18+2,FALSE,FALSE,TRUE
NS cell lines derivatives,GCGR-NS29-ST-G56R,striatum,18+2,FALSE,FALSE,TRUE
NS cell lines derivatives,GCGR-NS29-PO-NP,pons,18+2,FALSE,TRUE,FALSE
NS cell lines derivatives,GCGR-NS29-PO-NF1null,pons,18+2,TRUE,FALSE,FALSE
NS cell lines derivatives,GCGR-NS29-PO-PTENnull,pons,18+2,TRUE,FALSE,FALSE
NS cell lines derivatives,GCGR-NS29-PO-G56R,pons,18+2,TRUE,FALSE,FALSE
NS cell lines derivatives,GCGR-NS29-PO-TP53null,pons,18+2,TRUE,FALSE,TRUE
NS cell lines derivatives,GCGR-NS29-PO-EGFvlll,pons,18+2,FALSE,TRUE,FALSE
NS cell lines derivatives,GCGR-NS30-CO-NF1null,cortex,6+0,TRUE,FALSE,TRUE
NS cell lines derivatives,GCGR-NS30-CO-EGFvlll,cortex,6+0,FALSE,FALSE,FALSE
NS cell lines derivatives,GCGR-NS30-CO-NPE,cortex,6+0,TRUE,FALSE,TRUE
NS cell lines derivatives,GCGR-NS30-CO-NP,cortex,6+0,TRUE,FALSE,FALSE
NS cell lines derivatives,GCGR-NS30-CO-PTENnull,cortex,6+0,TRUE,TRUE,FALSE
NS cell lines derivatives,GCGR-NS30-CO-TP53null,cortex,6+0,TRUE,FALSE,FALSE
NS cell lines derivatives,GCGR-NS30-CO-G56R,cortex,6+0,TRUE,TRUE,TRUE
NS cell lines derivatives,GCGR-NS31-CO-NP,cortex,30+4,TRUE,TRUE,FALSE
NS cell lines derivatives,GCGR-NS31-CO-EGFvlll,cortex,30+4,FALSE,FALSE,TRUE
NS cell lines derivatives,GCGR-NS31-CO-NPE,cortex,30+4,TRUE,TRUE,TRUE
NS cell lines derivatives,GCGR-NS31-CO-NF1null,cortex,30+4,TRUE,FALSE,FALSE
NS cell lines derivatives,GCGR-NS31-CO-TP53null,cortex,30+4,TRUE,TRUE,TRUE
NS cell lines derivatives,GCGR-NS31-CO-G56R,cortex,30+4,TRUE,TRUE,FALSE
NS cell lines derivatives,GCGR-NS31-ME-NPE,medulla,30+4,TRUE,TRUE,FALSE
NS cell lines derivatives,GCGR-NS32-DI-TP53null,diencephalon,18+2,FALSE,TRUE,TRUE
NS cell lines derivatives,GCGR-NS32-DI-NP,diencephalon,18+2,FALSE,TRUE,TRUE
NS cell lines derivatives,GCGR-NS32-DI-EGFvlll,diencephalon,18+2,FALSE,TRUE,TRUE
NS cell lines derivatives,GCGR-NS32-DI-NPE,diencephalon,18+2,FALSE,FALSE,FALSE
NS cell lines derivatives,GCGR-NS32-DI-G56R,diencephalon,18+2,TRUE,TRUE,FALSE
NS cell lines derivatives,GCGR-NS32-DI-NF1null,diencephalon,18+2,TRUE,FALSE,FALSE
NS cell lines derivatives,GCGR-NS32-DI-PTENnull,diencephalon,18+2,TRUE,FALSE,FALSE
NS cell lines derivatives,GCGR-NS32-CE-G56R,cerebellum,18+2,FALSE,FALSE,TRUE
NS cell lines derivatives,GCGR-NS32-CE-NF1null,cerebellum,18+2,TRUE,FALSE,TRUE
NS cell lines derivatives,GCGR-NS32-CE-TP53null,cerebellum,18+2,TRUE,FALSE,FALSE
NS cell lines derivatives,GCGR-NS32-SC-PTENnull,spinal cord,18+2,FALSE,TRUE,FALSE
NS cell lines derivatives,GCGR-NS32-SC-NP,spinal cord,18+2,TRUE,TRUE,FALSE
NS cell lines derivatives,GCGR-NS32-SC-G56R,spinal cord,18+2,FALSE,TRUE,FALSE
NS cell lines derivatives,GCGR-NS32-SC-NPE,spinal cord,18+2,FALSE,TRUE,TRUE
NS cell lines derivatives,GCGR-NS32-SC-NF1null,spinal cord,18+2,FALSE,FALSE,FALSE
NS cell lines derivatives,GCGR-NS32-SC-EGFvlll,spinal cord,18+2,TRUE,FALSE,FALSE
NS cell lines derivatives,GCGR-NS32-SC-TP53null,spinal cord,18+2,FALSE,TRUE,TRUE
NS cell lines derivatives,GCGR-NS32-MB-TP53null,midbrain,18+2,TRUE,TRUE,TRUE
NS cell lines derivatives,GCGR-NS32-MB-G56R,midbrain,18+2,FALSE,FALSE,TRUE
NS cell lines derivatives,GCGR-NS32-MB-NPE,midbrain,18+2,FALSE,FALSE,TRUE
NS cell lines derivatives,GCGR-NS32-MB-EGFvlll,midbrain,18+2,FALSE,TRUE,FALSE
NS cell lines derivatives,GCGR-NS32-MB-NF1null,midbrain,18+2,FALSE,FALSE,FALSE
NS cell lines derivatives,GCGR-NS32-MB-NP,midbrain,18+2,TRUE,TRUE,FALSE
NS cell lines derivatives,GCGR-NS32-FB-TP53null,forebrain,18+2,FALSE,FALSE,FALSE
NS cell lines derivatives,GCGR-NS32-FB-NF1null,forebrain,18+2,TRUE,TRUE,FALSE
NS cell lines derivatives,GCGR-NS32-FB-PTENnull,forebrain,18+2,TRUE,FALSE,FALSE
NS cell lines derivatives,GCGR-NS32-FB-NP,forebrain,18+2,FALSE,TRUE,FALSE
NS cell lines derivatives,GCGR-NS32-ST-NPE,striatum,18+2,TRUE,FALSE,TRUE
NS cell lines derivatives,GCGR-NS32-MI-TP53null,midbrain,18+2,FALSE,TRUE,TRUE
NS cell lines derivatives,GCGR-NS32-MI-G56R,midbrain,18+2,FALSE,FALSE,TRUE
NS cell lines derivatives,GCGR-NS32-MI-EGFvlll,midbrain,18+2,TRUE,FALSE,TRUE
NS cell lines derivatives,GCGR-NS32-MI-NF1null,midbrain,18+2,FALSE,TRUE,TRUE
NS cell lines derivatives,GCGR-NS32-CO-EGFvlll,cortex,18+2,TRUE,TRUE,FALSE
NS cell lines derivatives,GCGR-NS32-CO-NF1null,cortex,18+2,TRUE,TRUE,FALSE
NS cell lines derivatives,GCGR-NS32-CO-NP,cortex,18+2,TRUE,TRUE,TRUE
NS cell lines derivatives,GCGR-NS32-ME-EGFvlll,medulla,18+2,FALSE,TRUE,FALSE
NS cell lines derivatives,GCGR-NS32-ME-PTENnull,medulla,18+2,TRUE,FALSE,FALSE
NS cell lines derivatives,GCGR-NS32-ME-G56R,medulla,18+2,TRUE,FALSE,TRUE
NS cell lines derivatives,GCGR-NS32-ME-NP,medulla,18+2,TRUE,TRUE,TRUE
NS cell lines derivatives,GCGR-NS32-ME-NF1null,medulla,18+2,TRUE,FALSE,FALSE
NS cell lines derivatives,GCGR-NS32-ME-TP53null,medulla,18+2,FALSE,FALSE,FALSE
NS cell lines derivatives,GCGR-NS33-PO-NF1null,pons,30+4,TRUE,TRUE,FALSE
NS cell lines derivatives,GCGR-NS33-PO-PTENnull,pons,30+4,FALSE,TRUE,TRUE
NS cell lines derivatives,GCGR-NS33-PO-EGFvlll,pons,30+4,TRUE,TRUE,FALSE
NS cell lines derivatives,GCGR-NS33-SC-NPE,spinal cord,30+4,TRUE,FALSE,TRUE
NS cell lines derivatives,GCGR-NS33-SC-NP,spinal cord,30+4,FALSE,TRUE,TRUE
NS cell lines derivatives,GCGR-NS33-SC-NF1null,spinal cord,30+4,FALSE,TRUE,TRUE
NS cell lines derivatives,GCGR-NS33-SC-G56R,spinal cord,30+4,FALSE,FALSE,FALSE
NS cell lines derivatives,GCGR-NS33-SC-PTENnull,spinal cord,30+4,FALSE,FALSE,FALSE
NS cell lines derivatives,GCGR-NS33-SC-TP53null,spinal cord,30+4,FALSE,FALSE,TRUE
NS cell lines derivatives,GCGR-NS33-MB-PTENnull,midbrain,30+4,FALSE,TRUE,FALSE
NS cell lines derivatives,GCGR-NS33-MB-NF1null,midbrain,30+4,TRUE,FALSE,FALSE
NS cell lines derivatives,GCGR-NS33-MB-NP,midbrain,30+4,TRUE,FALSE,FALSE
NS cell lines derivatives,GCGR-NS33-MB-EGFvlll,midbrain,30+4,FALSE,TRUE,TRUE
NS cell lines derivatives,GCGR-NS33-MB-G56R,midbrain,30+4,FALSE,TRUE,TRUE
NS cell lines derivatives,GCGR-NS33-MB-TP53null,midbrain,30+4,FALSE,TRUE,TRUE
NS cell lines derivatives,GCGR-NS33-MB-NPE,midbrain,30+4,TRUE,FALSE,FALSE
NS cell lines derivatives,GCGR-NS34-FB-NP,forebrain,6+0,FALSE,FALSE,TRUE
NS cell lines derivatives,GCGR-NS34-ST-PTENnull,striatum,6+0,TRUE,TRUE,TRUE
NS cell lines derivatives,GCGR-NS34-ST-NP,striatum,6+0,FALSE,TRUE,FALSE
NS cell lines derivatives,GCGR-NS34-ST-EGFvlll,striatum,6+0,TRUE,FALSE,TRUE
NS cell lines derivatives,GCGR-NS34-ST-NF1null,striatum,6+0,TRUE,TRUE,FALSE
NS cell lines derivatives,GCGR-NS34-ST-TP53null,striatum,6+0,TRUE,TRUE,TRUE
NS cell lines derivatives,GCGR-NS34-ST-NPE,striatum,6+0,FALSE,FALSE,FALSE
NS cell lines derivatives,GCGR-NS34-CE-EGFvlll,cerebellum,6+0,FALSE,TRUE,FALSE
NS cell lines derivatives,GCGR-NS34-PO-NP,pons,6+0,TRUE,TRUE,FALSE
NS cell lines derivatives,GCGR-NS34-PO-G56R,pons,6+0,FALSE,TRUE,TRUE
NS cell lines derivatives,GCGR-NS35-CE-TP53null,cerebellum,30+4,TRUE,TRUE,FALSE
NS cell lines derivatives,GCGR-NS35-CE-NPE,cerebellum,30+4,FALSE,TRUE,TRUE
NS cell lines derivatives,GCGR-NS35-CE-EGFvlll,cerebellum,30+4,TRUE,TRUE,FALSE
NS cell lines derivatives,GCGR-NS35-CE-G56R,cerebellum,30+4,FALSE,FALSE,TRUE
NS cell lines derivatives,GCGR-NS35-MI-NP,midbrain,30+4,TRUE,FALSE,FALSE
NS cell lines derivatives,GCGR-NS35-MI-NF1null,midbrain,30+4,TRUE,TRUE,TRUE
NS cell lines derivatives,GCGR-NS35-MI-EGFvlll,midbrain,30+4,FALSE,TRUE,FALSE
NS cell lines derivatives,GCGR-NS35-CO-G56R,cortex,30+4,FALSE,FALSE,FALSE
NS cell lines derivatives,GCGR-NS35-PO-NP,pons,30+4,TRUE,FALSE,FALSE
NS cell lines derivatives,GCGR-NS35-PO-PTENnull,pons,30+4,FALSE,FALSE,TRUE
NS cell lines derivatives,GCGR-NS35-PO-TP53null,pons,30+4,FALSE,TRUE,TRUE
NS cell lines derivatives,GCGR-NS35-PO-NPE,pons,30+4,TRUE,FALSE,TRUE
NS cell lines derivatives,GCGR-NS35-PO-NF1null,pons,30+4,TRUE,TRUE,FALSE
NS cell lines derivatives,GCGR-NS35-PO-G56R,pons,30+4,TRUE,TRUE,FALSE
NS cell lines derivatives,GCGR-NS35-MB-EGFvlll,midbrain,30+4,TRUE,TRUE,TRUE
NS cell lines derivatives,GCGR-NS35-MB-TP53null,midbrain,30+4,FALSE,FALSE,FALSE
NS cell lines derivatives,GCGR-NS35-MB-NF1null,midbrain,30+4,TRUE,TRUE,TRUE
NS cell lines derivatives,GCGR-NS35-DI-EGFvlll,diencephalon,30+4,TRUE,FALSE,FALSE
NS cell lines derivatives,GCGR-NS35-DI-PTENnull,diencephalon,30+4,TRUE,TRUE,TRUE
NS cell lines derivatives,GCGR-NS35-DI-G56R,diencephalon,30+4,TRUE,TRUE,TRUE
NS cell lines derivatives,GCGR-NS35-DI-NP,diencephalon,30+4,FALSE,TRUE,TRUE
NS cell lines derivatives,GCGR-NS35-DI-NF1null,diencephalon,30+4,TRUE,FALSE,TRUE
NS cell lines derivatives,GCGR-NS35-DI-NPE,diencephalon,30+4,TRUE,TRUE,TRUE
NS cell lines derivatives,GCGR-NS35-ST-NP,striatum,30+4,TRUE,TRUE,FALSE
NS cell lines derivatives,GCGR-NS35-FB-TP53null,forebrain,30+4,FALSE,FALSE,TRUE
NS cell lines derivatives,GCGR-NS35-FB-NPE,forebrain,30+4,TRUE,FALSE,FALSE
NS cell lines derivatives,GCGR-NS35-FB-PTENnull,forebrain,30+4,TRUE,FALSE,TRUE
NS cell lines derivatives,GCGR-NS35-FB-NF1null,forebrain,30+4,TRUE,TRUE,FALSE
NS cell lines derivatives,GCGR-NS35-FB-EGFvlll,forebrain,30+4,FALSE,TRUE,FALSE
NS cell lines derivatives,GCGR-NS35-SC-G56R,spinal cord,30+4,TRUE,FALSE,TRUE
NS cell lines derivatives,GCGR-NS36-MI-G56R,midbrain,18+2,TRUE,FALSE,FALSE
NS cell lines derivatives,GCGR-NS36-MI-EGFvlll,midbrain,18+2,TRUE,TRUE,TRUE
NS cell lines derivatives,GCGR-NS36-MI-NPE,midbrain,18+2,FALSE,FALSE,TRUE
NS cell lines derivatives,GCGR-NS36-MI-TP53null,midbrain,18+2,TRUE,FALSE,FALSE
NS cell lines derivatives,GCGR-NS36-MI-NP,midbrain,18+2,FALSE,FALSE,FALSE
NS cell lines derivatives,GCGR-NS36-FB-TP53null,forebrain,18+2,FALSE,FALSE,FALSE
NS cell lines derivatives,GCGR-NS36-FB-PTENnull,forebrain,18+2,FALSE,TRUE,FALSE
NS cell lines derivatives,GCGR-NS36-FB-EGFvlll,forebrain,18+2,FALSE,FALSE,TRUE
NS cell lines derivatives,GCGR-NS36-FB-NPE,forebrain,18+2,FALSE,FALSE,TRUE
NS cell lines derivatives,GCGR-NS36-FB-G56R,forebrain,18+2,FALSE,TRUE,TRUE
NS cell lines derivatives,GCGR-NS36-FB-NP,forebrain,18+2,TRUE,FALSE,FALSE
NS cell lines derivatives,GCGR-NS37-ST-EGFvlll,striatum,12+6,TRUE,FALSE,FALSE
NS cell lines derivatives,GCGR-NS37-ST-NF1null,striatum,12+6,FALSE,FALSE,TRUE
NS cell lines derivatives,GCGR-NS37-ST-NP,striatum,12+6,FALSE,FALSE,TRUE
NS cell lines derivatives,GCGR-NS37-ST-PTENnull,striatum,12+6,FALSE,FALSE,TRUE
NS cell lines derivatives,GCGR-NS37-SC-NF1null,spinal cord,12+6,FALSE,TRUE,FALSE
NS cell lines derivatives,GCGR-NS37-SC-TP53null,spinal cord,12+6,FALSE,FALSE,TRUE
NS cell lines derivatives,GCGR-NS37-MB-TP53null,midbrain,12+6,FALSE,TRUE,FALSE
NS cell lines derivatives,GCGR-NS37-MB-NF1null,midbrain,12+6,FALSE,TRUE,FALSE
NS cell lines derivatives,GCGR-NS37-MB-NP,midbrain,12+6,TRUE,TRUE,FALSE
NS cell lines derivatives,GCGR-NS37-MB-EGFvlll,midbrain,12+6,FALSE,FALSE,FALSE
NS cell lines derivatives,GCGR-NS37-MB-G56R,midbrain,12+6,FALSE,TRUE,FALSE
NS cell lines derivatives,GCGR-NS37-MB-PTENnull,midbrain,12+6,TRUE,FALSE,FALSE
NS cell lines derivatives,GCGR-NS37-MB-NPE,midbrain,12+6,FALSE,FALSE,TRUE
NS cell lines derivatives,GCGR-NS37-CO-PTENnull,cortex,12+6,FALSE,FALSE,TRUE
NS cell lines derivatives,GCGR-NS37-CO-NF1null,cortex,12+6,TRUE,TRUE,TRUE
NS cell lines derivatives,GCGR-NS37-CO-NPE,cortex,12+6,FALSE,FALSE,FALSE
NS cell lines derivatives,GCGR-NS37-CO-EGFvlll,cortex,12+6,FALSE,FALSE,TRUE
NS cell lines derivatives,GCGR-NS37-CO-NP,cortex,12+6,FALSE,FALSE,FALSE
NS cell lines derivatives,GCGR-NS37-CO-TP53null,cortex,12+6,TRUE,TRUE,TRUE
NS cell lines derivatives,GCGR-NS37-ME-TP53null,medulla,12+6,FALSE,FALSE,FALSE
NS cell lines derivatives,GCGR-NS37-ME-EGFvlll,medulla,12+6,TRUE,TRUE,TRUE
NS cell lines derivatives,GCGR-NS37-ME-NPE,medulla,12+6,FALSE,TRUE,TRUE
NS cell lines derivatives,GCGR-NS37-ME-NF1null,medulla,12+6,TRUE,FALSE,TRUE
NS cell lines derivatives,GCGR-NS37-ME-G56R,medulla,12+6,TRUE,TRUE,FALSE
NS cell lines derivatives,GCGR-NS37-ME-PTENnull,medulla,12+6,FALSE,FALSE,TRUE
NS cell lines derivatives,GCGR-NS37-MI-NF1null,midbrain,12+6,TRUE,TRUE,FALSE
NS cell lines derivatives,GCGR-NS37-MI-PTENnull,midbrain,12+6,TRUE,TRUE,FALSE
NS cell lines derivatives,GCGR-NS37-MI-EGFvlll,midbrain,12+6,TRUE,TRUE,TRUE
NS cell lines derivatives,GCGR-NS37-MI-NP,midbrain,12+6,FALSE,FALSE,FALSE
NS cell lines derivatives,GCGR-NS37-HB-G56R,hindbrain,12+6,FALSE,FALSE,FALSE
NS cell lines derivatives,GCGR-NS37-HB-NP,hindbrain,12+6,FALSE,FALSE,FALSE
NS cell lines derivatives,GCGR-NS37-HB-EGFvlll,hindbrain,12+6,FALSE,FALSE,FALSE
NS cell lines derivatives,GCGR-NS37-HB-NF1null,hindbrain,12+6,FALSE,TRUE,TRUE
NS cell lines derivatives,GCGR-NS37-HB-PTENnull,hindbrain,12+6,FALSE,TRUE,FALSE
NS cell lines derivatives,GCGR-NS37-HB-NPE,hindbrain,12+6,FALSE,TRUE,FALSE
NS cell lines derivatives,GCGR-NS37-FB-EGFvlll,forebrain,12+6,TRUE,FALSE,FALSE
NS cell lines derivatives,GCGR-NS37-FB-NPE,forebrain,12+6,TRUE,FALSE,TRUE
NS cell lines derivatives,GCGR-NS37-FB-G56R,forebrain,12+6,TRUE,FALSE,TRUE
NS cell lines derivatives,GCGR-NS37-FB-NF1null,forebrain,12+6,FALSE,FALSE,FALSE
NS cell lines derivatives,GCGR-NS37-FB-NP,forebrain,12+6,FALSE,FALSE,TRUE
NS cell lines derivatives,GCGR-NS37-FB-TP53null,forebrain,12+6,FALSE,FALSE,FALSE
NS cell lines derivatives,GCGR-NS37-DI-NF1null,diencephalon,12+6,FALSE,TRUE,FALSE
NS cell lines derivatives,GCGR-NS37-DI-G56R,diencephalon,12+6,TRUE,TRUE,TRUE
NS cell lines derivatives,GCGR-NS37-DI-TP53null,diencephalon,12+6,TRUE,TRUE,TRUE
NS cell lines derivatives,GCGR-NS37-DI-NP,diencephalon,12+6,TRUE,TRUE,FALSE
NS cell lines derivatives,GCGR-NS37-DI-PTENnull,diencephalon,12+6,TRUE,FALSE,FALSE
NS cell lines derivatives,GCGR-NS37-DI-EGFvlll,diencephalon,12+6,TRUE,TRUE,TRUE
NS cell lines derivatives,GCGR-NS38-HB-NF1null,hindbrain,6+5,TRUE,TRUE,FALSE
NS cell lines derivatives,GCGR-NS38-HB-NPE,hindbrain,6+5,TRUE,TRUE,TRUE
NS cell lines derivatives,GCGR-NS38-HB-TP53null,hindbrain,6+5,FALSE,FALSE,FALSE
NS cell lines derivatives,GCGR-NS38-HB-PTENnull,hindbrain,6+5,FALSE,FALSE,TRUE
NS cell lines derivatives,GCGR-NS38-HB-G56R,hindbrain,6+5,TRUE,TRUE,FALSE
NS cell lines derivatives,GCGR-NS38-HB-EGFvlll,hindbrain,6+5,FALSE,FALSE,TRUE
NS cell lines derivatives,GCGR-NS38-SC-TP53null,spinal cord,6+5,FALSE,TRUE,TRUE
NS cell lines derivatives,GCGR-NS38-ST-EGFvlll,striatum,6+5,TRUE,FALSE,TRUE
NS cell lines derivatives,GCGR-NS38-ST-NF1null,striatum,6+5,FALSE,TRUE,FALSE
NS cell lines derivatives,GCGR-NS38-ST-PTENnull,striatum,6+5,FALSE,FALSE,FALSE
NS cell lines derivatives,GCGR-NS38-ST-TP53null,striatum,6+5,TRUE,TRUE,FALSE
NS cell lines derivatives,GCGR-NS38-CO-TP53null,cortex,6+5,TRUE,TRUE,TRUE
NS cell lines derivatives,GCGR-NS38-CO-G56R,cortex,6+5,TRUE,FALSE,TRUE
NS cell lines derivatives,GCGR-NS38-CO-EGFvlll,cortex,6+5,TRUE,TRUE,FALSE
NS cell lines derivatives,GCGR-NS38-CO-NPE,cortex,6+5,FALSE,TRUE,FALSE
NS cell lines derivatives,GCGR-NS38-MB-NPE,midbrain,6+5,TRUE,TRUE,FALSE
NS cell lines derivatives,GCGR-NS38-MB-NP,midbrain,6+5,TRUE,TRUE,TRUE
NS cell lines derivatives,GCGR-NS38-MB-EGFvlll,midbrain,6+5,FALSE,TRUE,TRUE
NS cell lines derivatives,GCGR-NS38-MB-TP53null,midbrain,6+5,TRUE,FALSE,FALSE
NS cell lines derivatives,GCGR-NS38-MB-PTENnull,midbrain,6+5,FALSE,TRUE,TRUE
NS cell lines derivatives,GCGR-NS38-MB-NF1null,midbrain,6+5,TRUE,FALSE,FALSE
NS cell lines derivatives,GCGR-NS38-MB-G56R,midbrain,6+5,FALSE,FALSE,TRUE
NS cell lines derivatives,GCGR-NS38-CE-NP,cerebellum,6+5,TRUE,FALSE,TRUE
NS cell lines derivatives,GCGR-NS38-CE-PTENnull,cerebellum,6+5,FALSE,FALSE,TRUE
NS cell lines derivatives,GCGR-NS38-CE-G56R,cerebellum,6+5,TRUE,FALSE,TRUE
NS cell lines derivatives,GCGR-NS38-CE-NPE,cerebellum,6+5,FALSE,FALSE,FALSE
NS cell lines derivatives,GCGR-NS38-CE-NF1null,cerebellum,6+5,FALSE,FALSE,TRUE
NS cell lines derivatives,GCGR-NS38-ME-NPE,medulla,6+5,FALSE,TRUE,FALSE
NS cell lines derivatives,GCGR-NS38-ME-NP,medulla,6+5,FALSE,TRUE,TRUE
NS cell lines derivatives,GCGR-NS38-PO-NPE,pons,6+5,TRUE,TRUE,FALSE
NS cell lines derivatives,GCGR-NS38-PO-PTENnull,pons,6+5,FALSE,TRUE,FALSE
NS cell lines derivatives,GCGR-NS38-PO-EGFvlll,pons,6+5,TRUE,FALSE,FALSE
NS cell lines derivatives,GCGR-NS38-PO-G56R,pons,6+5,FALSE,FALSE,TRUE
NS cell lines derivatives,GCGR-NS38-DI-NPE,diencephalon,6+5,TRUE,TRUE,FALSE
NS cell lines derivatives,GCGR-NS38-DI-NP,diencephalon,6+5,FALSE,FALSE,TRUE
NS cell lines derivatives,GCGR-NS38-DI-NF1null,diencephalon,6+5,FALSE,TRUE,FALSE
NS cell lines derivatives,GCGR-NS38-DI-EGFvlll,diencephalon,6+5,FALSE,FALSE,TRUE
NS cell lines derivatives,GCGR-NS38-DI-TP53null,diencephalon,6+5,FALSE,TRUE,FALSE
NS cell lines derivatives,GCGR-NS38-DI-PTENnull,diencephalon,6+5,FALSE,TRUE,TRUE
NS cell lines derivatives,GCGR-NS39-MI-G56R,midbrain,18+7,FALSE,FALSE,FALSE
NS cell lines derivatives,GCGR-NS39-MI-EGFvlll,midbrain,18+7,TRUE,FALSE,TRUE
NS cell lines derivatives,GCGR-NS39-MI-NF1null,midbrain,18+7,TRUE,TRUE,TRUE
NS cell lines derivatives,GCGR-NS39-HB-EGFvlll,hindbrain,18+7,TRUE,FALSE,TRUE
NS cell lines derivatives,GCGR-NS39-HB-NP,hindbrain,18+7,TRUE,FALSE,FALSE
NS cell lines derivatives,GCGR-NS39-HB-PTENnull,hindbrain,18+7,TRUE,FALSE,TRUE
NS cell lines derivatives,GCGR-NS39-PO-NPE,pons,18+7,TRUE,TRUE,TRUE
NS cell lines derivatives,GCGR-NS39-PO-G56R,pons,18+7,TRUE,FALSE,TRUE
NS cell lines derivatives,GCGR-NS39-DI-NPE,diencephalon,18+7,TRUE,TRUE,FALSE
NS cell lines derivatives,GCGR-NS39-DI-NF1null,diencephalon,18+7,TRUE,TRUE,FALSE
NS cell lines derivatives,GCGR-NS39-DI-NP,diencephalon,18+7,FALSE,TRUE,FALSE
NS cell lines derivatives,GCGR-NS40-CO-TP53null,cortex,6+0,FALSE,FALSE,TRUE
NS cell lines derivatives,GCGR-NS40-CO-G56R,cortex,6+0,FALSE,FALSE,TRUE
NS cell lines derivatives,GCGR-NS40-CO-NPE,cortex,6+0,FALSE,FALSE,TRUE
NS cell lines derivatives,GCGR-NS40-CO-NP,cortex,6+0,TRUE,TRUE,TRUE
NS cell lines derivatives,GCGR-NS40-CO-EGFvlll,cortex,6+0,TRUE,FALSE,TRUE
NS cell lines derivatives,GCGR-NS40-FB-NP,forebrain,6+0,TRUE,TRUE,TRUE
NS cell lines derivatives,GCGR-NS40-FB-G56R,forebrain,6+0,FALSE,FALSE,TRUE
NS cell lines derivatives,GCGR-NS40-FB-TP53null,forebrain,6+0,TRUE,FALSE,TRUE
NS cell lines derivatives,GCGR-NS40-FB-NF1null,forebrain,6+0,FALSE,TRUE,FALSE
NS cell lines derivatives,GCGR-NS40-FB-PTENnull,forebrain,6+0,TRUE,FALSE,FALSE
NS cell lines derivatives,GCGR-NS40-FB-NPE,forebrain,6+0,FALSE,FALSE,TRUE
NS cell lines derivatives,GCGR-NS40-MI-NF1null,midbrain,6+0,TRUE,FALSE,TRUE
NS cell lines derivatives,GCGR-NS40-MI-TP53null,midbrain,6+0,FALSE,TRUE,TRUE
NS cell lines derivatives,GCGR-NS40-ST-G56R,striatum,6+0,FALSE,TRUE,TRUE
NS cell lines derivatives,GCGR-NS40-ST-TP53null,striatum,6+0,TRUE,TRUE,TRUE
NS cell lines derivatives,GCGR-NS40-ST-NP,striatum,6+0,FALSE,FALSE,TRUE
NS cell lines derivatives,GCGR-NS40-ST-NPE,striatum,6+0,TRUE,TRUE,TRUE
NS cell lines derivatives,GCGR-NS40-ST-PTENnull,striatum,6+0,TRUE,TRUE,FALSE
NS cell lines derivatives,GCGR-NS40-ST-EGFvlll,striatum,6+0,FALSE,TRUE,TRUE
NS cell lines derivatives,GCGR-NS40-ST-NF1null,striatum,6+0,FALSE,TRUE,TRUE
NS cell lines derivatives,GCGR-NS40-CE-NP,cerebellum,6+0,FALSE,FALSE,TRUE
NS cell lines derivatives,GCGR-NS40-CE-NPE,cerebellum,6+0,TRUE,TRUE,FALSE
NS cell lines derivatives,GCGR-NS40-CE-PTENnull,cerebellum,6+0,TRUE,TRUE,TRUE
NS cell lines derivatives,GCGR-NS40-CE-NF1null,cerebellum,6+0,FALSE,TRUE,FALSE
NS cell lines derivatives,GCGR-NS40-CE-EGFvlll,cerebellum,6+0,FALSE,FALSE,FALSE
NS cell lines derivatives,GCGR-NS40-MB-NP,midbrain,6+0,TRUE,TRUE,TRUE
NS cell lines derivatives,GCGR-NS40-MB-PTENnull,midbrain,6+0,FALSE,TRUE,TRUE
NS cell lines derivatives,GCGR-NS40-MB-EGFvlll,midbrain,6+0,FALSE,FALSE,FALSE
NS cell lines derivatives,GCGR-NS40-MB-NF1null,midbrain,6+0,FALSE,TRUE,TRUE
NS cell lines derivatives,GCGR-NS40-MB-G56R,midbrain,6+0,TRUE,TRUE,TRUE
NS cell lines derivatives,GCGR-NS40-MB-TP53null,midbrain,6+0,FALSE,TRUE,TRUE
NS cell lines derivatives,GCGR-NS40-MB-NPE,midbrain,6+0,FALSE,TRUE,TRUE
NS cell lines derivatives,GCGR-NS40-SC-NF1null,spinal cord,6+0,FALSE,FALSE,FALSE
NS cell lines derivatives,GCGR-NS40-SC-G56R,spinal cord,6+0,FALSE,TRUE,TRUE
NS cell lines derivatives,GCGR-NS40-SC-NP,spinal cord,6+0,TRUE,TRUE,TRUE
NS cell lines derivatives,GCGR-NS40-SC-TP53null,spinal cord,6+0,FALSE,TRUE,FALSE
NS cell lines derivatives,GCGR-NS40-DI-NF1null,diencephalon,6+0,TRUE,FALSE,TRUE
NS cell lines derivatives,GCGR-NS40-DI-NP,diencephalon,6+0,FALSE,FALSE,TRUE
NS cell lines derivatives,GCGR-NS40-DI-PTENnull,diencephalon,6+0,FALSE,FALSE,TRUE
NS cell lines derivatives,GCGR-NS40-PO-TP53null,pons,6+0,TRUE,FALSE,TRUE
NS cell lines derivatives,GCGR-NS40-PO-G56R,pons,6+0,TRUE,TRUE,TRUE
NS cell lines derivatives,GCGR-NS40-PO-PTENnull,pons,6+0,FALSE,TRUE,FALSE
NS cell lines derivatives,GCGR-NS40-PO-EGFvlll,pons,6+0,FALSE,TRUE,FALSE
NS cell lines derivatives,GCGR-NS40-PO-NF1null,pons,6+0,FALSE,TRUE,TRUE
NS cell lines derivatives,GCGR-NS40-PO-NP,pons,6+0,TRUE,FALSE,FALSE
NS cell lines derivatives,GCGR-NS41-PO-EGFvlll,pons,6+5,FALSE,TRUE,FALSE
NS cell lines derivatives,GCGR-NS41-PO-PTENnull,pons,6+5,TRUE,TRUE,FALSE
NS cell lines derivatives,GCGR-NS41-PO-NF1null,pons,6+5,FALSE,TRUE,FALSE
NS cell lines derivatives,GCGR-NS41-PO-NP,pons,6+5,TRUE,FALSE,FALSE
NS cell lines derivatives,GCGR-NS41-PO-G56R,pons,6+5,FALSE,TRUE,FALSE
NS cell lines derivatives,GCGR-NS41-FB-NF1null,forebrain,6+5,TRUE,FALSE,FALSE
NS cell lines derivatives,GCGR-NS41-MB-TP53null,midbrain,6+5,FALSE,TRUE,TRUE
NS cell lines derivatives,GCGR-NS41-MB-G56R,midbrain,6+5,FALSE,TRUE,FALSE
NS cell lines derivatives,GCGR-NS41-MB-NF1null,midbrain,6+5,TRUE,TRUE,TRUE
NS cell lines derivatives,GCGR-NS41-MB-EGFvlll,midbrain,6+5,TRUE,TRUE,TRUE
NS cell lines derivatives,GCGR-NS41-MB-PTENnull,midbrain,6+5,FALSE,FALSE,TRUE
NS cell lines derivatives,GCGR-NS41-MB-NPE,midbrain,6+5,FALSE,FALSE,FALSE
NS cell lines derivatives,GCGR-NS41-MB-NP,midbrain,6+5,FALSE,FALSE,FALSE
NS cell lines derivatives,GCGR-NS41-DI-NPE,diencephalon,6+5,TRUE,FALSE,TRUE
NS cell lines derivatives,GCGR-NS41-MI-PTENnull,midbrain,6+5,TRUE,FALSE,TRUE
NS cell lines derivatives,GCGR-NS41-MI-TP53null,midbrain,6+5,TRUE,FALSE,TRUE
NS cell lines derivatives,GCGR-NS41-MI-NP,midbrain,6+5,TRUE,TRUE,FALSE
NS cell lines derivatives,GCGR-NS41-MI-G56R,midbrain,6+5,FALSE,FALSE,FALSE
NS cell lines derivatives,GCGR-NS41-MI-EGFvlll,midbrain,6+5,FALSE,TRUE,FALSE
NS cell lines derivatives,GCGR-NS41-CO-NF1null,cortex,6+5,FALSE,TRUE,TRUE
NS cell lines derivatives,GCGR-NS41-CO-NP,cortex,6+5,TRUE,TRUE,FALSE
NS cell lines derivatives,GCGR-NS41-CO-EGFvlll,cortex,6+5,FALSE,TRUE,TRUE
NS cell lines derivatives,GCGR-NS42-MI-NP,midbrain,12+1,FALSE,TRUE,FALSE
NS cell lines derivatives,GCGR-NS42-MI-PTENnull,midbrain,12+1,FALSE,TRUE,TRUE
NS cell lines derivatives,GCGR-NS42-MI-G56R,midbrain,12+1,TRUE,TRUE,TRUE
NS cell lines derivatives,GCGR-NS42-MI-TP53null,midbrain,12+1,TRUE,TRUE,FALSE
NS cell lines derivatives,GCGR-NS42-MI-NF1null,midbrain,12+1,FALSE,FALSE,TRUE
NS cell lines derivatives,GCGR-NS42-MI-EGFvlll,midbrain,12+1,FALSE,FALSE,TRUE
NS cell lines derivatives,GCGR-NS42-CE-PTENnull,cerebellum,12+1,FALSE,TRUE,TRUE
NS cell lines derivatives,GCGR-NS42-CE-TP53null,cerebellum,12+1,TRUE,FALSE,TRUE
NS cell lines derivatives,GCGR-NS42-CE-NPE,cerebellum,12+1,TRUE,TRUE,TRUE
NS cell lines derivatives,GCGR-NS42-MB-NP,midbrain,12+1,TRUE,FALSE,TRUE
NS cell lines derivatives,GCGR-NS42-CO-NPE,cortex,12+1,TRUE,TRUE,FALSE
NS cell lines derivatives,GCGR-NS43-ME-NPE,medulla,30+4,TRUE,TRUE,FALSE
NS cell lines derivatives,GCGR-NS43-ME-NF1null,medulla,30+4,TRUE,TRUE,FALSE
NS cell lines derivatives,GCGR-NS43-ME-PTENnull,medulla,30+4,FALSE,TRUE,TRUE
NS cell lines derivatives,GCGR-NS43-ME-EGFvlll,medulla,30+4,FALSE,TRUE,FALSE
NS cell lines derivatives,GCGR-NS43-ME-G56R,medulla,30+4,FALSE,FALSE,TRUE
NS cell lines derivatives,GCGR-NS43-ME-TP53null,medulla,30+4,FALSE,TRUE,FALSE
NS cell lines derivatives,GCGR-NS43-MB-EGFvlll,midbrain,30+4,TRUE,FALSE,FALSE
NS cell lines derivatives,GCGR-NS43-MB-NP,midbrain,30+4,FALSE,FALSE,FALSE
NS cell lines derivatives,GCGR-NS43-MB-NPE,midbrain,30+4,FALSE,TRUE,TRUE
NS cell lines derivatives,GCGR-NS43-MB-G56R,midbrain,30+4,TRUE,TRUE,TRUE
NS cell lines derivatives,GCGR-NS44-MB-NPE,midbrain,18+2,TRUE,FALSE,FALSE
NS cell lines derivatives,GCGR-NS44-MB-TP53null,midbrain,18+2,TRUE,TRUE,TRUE
NS cell lines derivatives,GCGR-NS44-MB-EGFvlll,midbrain,18+2,FALSE,TRUE,TRUE
NS cell lines derivatives,GCGR-NS44-MB-G56R,midbrain,18+2,TRUE,TRUE,TRUE
NS cell lines derivatives,GCGR-NS44-CE-NF1null,cerebellum,18+2,TRUE,TRUE,FALSE
NS cell lines derivatives,GCGR-NS44-CE-NP,cerebellum,18+2,TRUE,FALSE,FALSE
NS cell lines derivatives,GCGR-NS44-CE-PTENnull,cerebellum,18+2,FALSE,TRUE,FALSE
NS cell lines derivatives,GCGR-NS44-CE-TP53null,cerebellum,18+2,FALSE,FALSE,TRUE
NS cell lines derivatives,GCGR-NS44-CE-NPE,cerebellum,18+2,FALSE,FALSE,FALSE
NS cell lines derivatives,GCGR-NS44-CE-EGFvlll,cerebellum,18+2,TRUE,TRUE,TRUE
NS cell lines derivatives,GCGR-NS45-MB-G56R,midbrain,6+5,FALSE,TRUE,FALSE
NS cell lines derivatives,GCGR-NS45-MB-NP,midbrain,6+5,FALSE,TRUE,FALSE
NS cell lines derivatives,GCGR-NS45-MB-NF1null,midbrain,6+5,FALSE,TRUE,TRUE
NS cell lines derivatives,GCGR-NS45-MB-TP53null,midbrain,6+5,FALSE,FALSE,TRUE
NS cell lines derivatives,GCGR-NS45-MB-PTENnull,midbrain,6+5,FALSE,FALSE,FALSE
NS cell lines derivatives,GCGR-NS45-MB-NPE,midbrain,6+5,TRUE,TRUE,TRUE
NS cell lines derivatives,GCGR-NS45-CO-NP,cortex,6+5,FALSE,TRUE,TRUE
NS cell lines derivatives,GCGR-NS45-CO-NF1null,cortex,6+5,TRUE,TRUE,TRUE
NS cell lines derivatives,GCGR-NS45-CO-PTENnull,cortex,6+5,TRUE,FALSE,FALSE
NS cell lines derivatives,GCGR-NS45-CO-G56R,cortex,6+5,FALSE,TRUE,TRUE
NS cell lines derivatives,GCGR-NS45-CO-TP53null,cortex,6+5,TRUE,FALSE,TRUE
NS cell lines derivatives,GCGR-NS45-ST-TP53null,striatum,6+5,FALSE,FALSE,FALSE
NS cell lines derivatives,GCGR-NS45-ST-NF1null,striatum,6+5,TRUE,FALSE,TRUE
NS cell lines derivatives,GCGR-NS45-ST-NPE,striatum,6+5,TRUE,TRUE,FALSE
NS cell lines derivatives,GCGR-NS45-ST-PTENnull,striatum,6+5,TRUE,FALSE,TRUE
NS cell lines derivatives,GCGR-NS45-ST-NP,striatum,6+5,FALSE,FALSE,FALSE
NS cell lines derivatives,GCGR-NS45-ST-EGFvlll,striatum,6+5,TRUE,TRUE,TRUE
NS cell lines derivatives,GCGR-NS45-ME-NF1null,medulla,6+5,TRUE,TRUE,TRUE
NS cell lines derivatives,GCGR-NS45-ME-TP53null,medulla,6+5,FALSE,TRUE,TRUE
NS cell lines derivatives,GCGR-NS45-ME-PTENnull,medulla,6+5,FALSE,FALSE,FALSE
NS cell lines derivatives,GCGR-NS45-PO-EGFvlll,pons,6+5,FALSE,TRUE,TRUE
NS cell lines derivatives,GCGR-NS45-PO-NPE,pons,6+5,FALSE,FALSE,FALSE
NS cell lines derivatives,GCGR-NS45-PO-PTENnull,pons,6+5,TRUE,FALSE,TRUE
NS cell lines derivatives,GCGR-NS45-PO-NP,pons,6+5,TRUE,FALSE,TRUE
NS cell lines derivatives,GCGR-NS45-FB-NP,forebrain,6+5,FALSE,TRUE,TRUE
NS cell lines derivatives,GCGR-NS45-FB-NF1null,forebrain,6+5,FALSE,TRUE,TRUE
NS cell lines derivatives,GCGR-NS45-FB-G56R,forebrain,6+5,FALSE,TRUE,FALSE
NS cell lines derivatives,GCGR-NS45-DI-TP53null,diencephalon,6+5,FALSE,TRUE,TRUE
NS cell lines derivatives,GCGR-NS45-DI-G56R,diencephalon,6+5,FALSE,TRUE,TRUE
NS cell lines derivatives,GCGR-NS45-DI-NP,diencephalon,6+5,TRUE,FALSE,FALSE
NS cell lines derivatives,GCGR-NS45-DI-NPE,diencephalon,6+5,FALSE,TRUE,FALSE
NS cell lines derivatives,GCGR-NS45-DI-EGFvlll,diencephalon,6+5,FALSE,FALSE,TRUE
NS cell lines derivatives,GCGR-NS46-MI-NP,midbrain,18+7,FALSE,FALSE,TRUE
NS cell lines derivatives,GCGR-NS46-MI-TP53null,midbrain,18+7,TRUE,FALSE,FALSE
NS cell lines derivatives,GCGR-NS46-MI-EGFvlll,midbrain,18+7,TRUE,TRUE,FALSE
NS cell lines derivatives,GCGR-NS46-MB-NPE,midbrain,18+7,TRUE,TRUE,FALSE
NS cell lines derivatives,GCGR-NS46-MB-TP53null,midbrain,18+7,FALSE,TRUE,TRUE
NS cell lines derivatives,GCGR-NS46-MB-PTENnull,midbrain,18+7,FALSE,TRUE,FALSE
NS cell lines derivatives,GCGR-NS46-MB-NF1null,midbrain,18+7,TRUE,FALSE,FALSE
NS cell lines derivatives,GCGR-NS46-MB-G56R,midbrain,18+7,FALSE,TRUE,TRUE
NS cell lines derivatives,GCGR-NS46-MB-EGFvlll,midbrain,18+7,TRUE,FALSE,TRUE
NS cell lines derivatives,GCGR-NS46-FB-PTENnull,forebrain,18+7,TRUE,FALSE,TRUE
NS cell lines derivatives,GCGR-NS46-CO-NF1null,cortex,18+7,TRUE,TRUE,TRUE
NS cell lines derivatives,GCGR-NS46-CO-G56R,cortex,18+7,FALSE,TRUE,FALSE
NS cell lines derivatives,GCGR-NS46-DI-EGFvlll,diencephalon,18+7,FALSE,FALSE,FALSE
NS cell lines derivatives,GCGR-NS46-DI-G56R,diencephalon,18+7,TRUE,TRUE,TRUE
NS cell lines derivatives,GCGR-NS46-DI-TP53null,diencephalon,18+7,TRUE,FALSE,TRUE
NS cell lines derivatives,GCGR-NS46-DI-NF1null,diencephalon,18+7,FALSE,TRUE,TRUE
NS cell lines derivatives,GCGR-NS46-DI-NP,diencephalon,18+7,TRUE,TRUE,TRUE
NS cell lines derivatives,GCGR-NS46-DI-NPE,diencephalon,18+7,TRUE,TRUE,FALSE
NS cell lines derivatives,GCGR-NS46-DI-PTENnull,diencephalon,18+7,FALSE,FALSE,FALSE
NS cell lines derivatives,GCGR-NS46-ST-PTENnull,striatum,18+7,FALSE,TRUE,FALSE
NS cell lines derivatives,GCGR-NS46-ST-EGFvlll,striatum,18+7,FALSE,FALSE,TRUE
NS cell lines derivatives,GCGR-NS46-ST-NP,striatum,18+7,FALSE,TRUE,FALSE
NS cell lines derivatives,GCGR-NS46-ST-TP53null,striatum,18+7,FALSE,TRUE,TRUE
NS cell lines derivatives,GCGR-NS46-SC-PTENnull,spinal cord,18+7,TRUE,FALSE,FALSE
NS cell lines derivatives,GCGR-NS46-SC-TP53null,spinal cord,18+7,TRUE,FALSE,TRUE
NS cell lines derivatives,GCGR-NS46-SC-NP,spinal cord,18+7,TRUE,TRUE,FALSE
NS cell lines derivatives,GCGR-NS46-SC-EGFvlll,spinal cord,18+7,TRUE,TRUE,FALSE
NS cell lines derivatives,GCGR-NS47-CO-NF1null,cortex,30+4,TRUE,TRUE,TRUE
NS cell lines derivatives,GCGR-NS47-CO-NP,cortex,30+4,TRUE,TRUE,FALSE
NS cell lines derivatives,GCGR-NS47-ST-NPE,striatum,30+4,FALSE,FALSE,FALSE
NS cell lines derivatives,GCGR-NS47-ST-NF1null,striatum,30+4,FALSE,TRUE,FALSE
NS cell lines derivatives,GCGR-NS47-ST-G56R,striatum,30+4,FALSE,FALSE,FALSE
NS cell lines derivatives,GCGR-NS47-MB-G56R,midbrain,30+4,TRUE,FALSE,TRUE
NS cell lines derivatives,GCGR-NS47-MB-NF1null,midbrain,30+4,FALSE,FALSE,FALSE
NS cell lines derivatives,GCGR-NS47-MB-TP53null,midbrain,30+4,TRUE,TRUE,FALSE
NS cell lines derivatives,GCGR-NS47-MB-EGFvlll,midbrain,30+4,TRUE,TRUE,TRUE
NS cell lines derivatives,GCGR-NS48-FB-G56R,forebrain,12+1,TRUE,TRUE,FALSE
NS cell lines derivatives,GCGR-NS48-FB-NPE,forebrain,12+1,TRUE,TRUE,TRUE
NS cell lines derivatives,GCGR-NS48-FB-PTENnull,forebrain,12+1,TRUE,TRUE,TRUE
NS cell lines derivatives,GCGR-NS48-FB-NP,forebrain,12+1,FALSE,TRUE,TRUE
NS cell lines derivatives,GCGR-NS48-FB-TP53null,forebrain,12+1,TRUE,FALSE,FALSE
NS cell lines derivatives,GCGR-NS48-ST-G56R,striatum,12+1,FALSE,TRUE,FALSE
NS cell lines derivatives,GCGR-NS48-ST-NPE,striatum,12+1,FALSE,TRUE,FALSE
NS cell lines derivatives,GCGR-NS48-ST-NP,striatum,12+1,FALSE,FALSE,TRUE
NS cell lines derivatives,GCGR-NS48-ST-PTENnull,striatum,12+1,FALSE,TRUE,TRUE
NS cell lines derivatives,GCGR-NS48-ST-EGFvlll,striatum,12+1,FALSE,FALSE,FALSE
NS cell lines derivatives,GCGR-NS48-HB-EGFvlll,hindbrain,12+1,FALSE,FALSE,FALSE
NS cell lines derivatives,GCGR-NS48-HB-G56R,hindbrain,12+1,TRUE,TRUE,TRUE
NS cell lines derivatives,GCGR-NS48-HB-PTENnull,hindbrain,12+1,FALSE,FALSE,TRUE
NS cell lines derivatives,GCGR-NS48-HB-NP,hindbrain,12+1,FALSE,TRUE,TRUE
NS cell lines derivatives,GCGR-NS48-HB-TP53null,hindbrain,12+1,FALSE,FALSE,TRUE
NS cell lines derivatives,GCGR-NS48-MB-NPE,midbrain,12+1,FALSE,FALSE,FALSE
NS cell lines derivatives,GCGR-NS48-MB-TP53null,midbrain,12+1,TRUE,FALSE,FALSE
NS cell lines derivatives,GCGR-NS48-MB-EGFvlll,midbrain,12+1,TRUE,FALSE,TRUE
NS cell lines derivatives,GCGR-NS48-MI-PTENnull,midbrain,12+1,TRUE,FALSE,TRUE
NS cell lines derivatives,GCGR-NS48-MI-EGFvlll,midbrain,12+1,FALSE,FALSE,FALSE
NS cell lines derivatives,GCGR-NS48-MI-G56R,midbrain,12+1,TRUE,TRUE,TRUE
NS cell lines derivatives,GCGR-NS48-CE-NPE,cerebellum,12+1,TRUE,TRUE,TRUE
NS cell lines derivatives,GCGR-NS48-ME-TP53null,medulla,12+1,TRUE,TRUE,FALSE
NS cell lines derivatives,GCGR-NS48-ME-NP,medulla,12+1,FALSE,FALSE,FALSE
NS cell lines derivatives,GCGR-NS48-ME-PTENnull,medulla,12+1,FALSE,TRUE,FALSE
NS cell lines derivatives,GCGR-NS48-ME-EGFvlll,medulla,12+1,FALSE,TRUE,FALSE
NS cell lines derivatives,GCGR-NS48-ME-NPE,medulla,12+1,FALSE,TRUE,FALSE
NS cell lines derivatives,GCGR-NS48-SC-G56R,spinal cord,12+1,TRUE,TRUE,TRUE
NS cell lines derivatives,GCGR-NS48-SC-NF1null,spinal cord,12+1,FALSE,TRUE,TRUE
NS cell lines derivatives,GCGR-NS48-SC-PTENnull,spinal cord,12+1,TRUE,TRUE,FALSE
NS cell lines derivatives,GCGR-NS48-SC-NP,spinal cord,12+1,FALSE,TRUE,TRUE
NS cell lines derivatives,GCGR-NS48-SC-TP53null,spinal cord,12+1,TRUE,TRUE,FALSE
NS cell lines derivatives,GCGR-NS48-SC-EGFvlll,spinal cord,12+1,FALSE,FALSE,FALSE
NS cell lines derivatives,GCGR-NS48-CO-PTENnull,cortex,12+1,FALSE,TRUE,FALSE
NS cell lines derivatives,GCGR-NS48-DI-NP,diencephalon,12+1,TRUE,TRUE,TRUE
NS cell lines derivatives,GCGR-NS48-DI-NPE,diencephalon,12+1,TRUE,TRUE,FALSE
NS cell lines derivatives,GCGR-NS48-DI-NF1null,diencephalon,12+1,TRUE,FALSE,FALSE
NS cell lines derivatives,GCGR-NS48-DI-G56R,diencephalon,12+1,TRUE,FALSE,TRUE
NS cell lines derivatives,GCGR-NS48-DI-EGFvlll,diencephalon,12+1,TRUE,TRUE,TRUE
NS cell lines derivatives,GCGR-NS48-DI-TP53null,diencephalon,12+1,TRUE,FALSE,TRUE
NS cell lines derivatives,GCGR-NS48-PO-PTENnull,pons,12+1,TRUE,TRUE,FALSE
NS cell lines derivatives,GCGR-NS48-PO-NP,pons,12+1,FALSE,TRUE,TRUE
NS cell lines derivatives,GCGR-NS48-PO-EGFvlll,pons,12+1,TRUE,FALSE,TRUE
NS cell lines derivatives,GCGR-NS48-PO-NF1null,pons,12+1,TRUE,FALSE,TRUE
NS cell lines derivatives,GCGR-NS48-PO-TP53null,pons,12+1,TRUE,FALSE,TRUE
NS cell lines derivatives,GCGR-NS48-PO-NPE,pons,12+1,FALSE,TRUE,TRUE
NS cell lines derivatives,GCGR-NS49-MI-TP53null,midbrain,18+7,FALSE,TRUE,FALSE
NS cell lines derivatives,GCGR-NS49-MI-NP,midbrain,18+7,FALSE,TRUE,FALSE
NS cell lines derivatives,GCGR-NS49-ME-G56R,medulla,18+7,FALSE,FALSE,FALSE
NS cell lines derivatives,GCGR-NS49-ME-EGFvlll,medulla,18+7,TRUE,FALSE,FALSE
NS cell lines derivatives,GCGR-NS49-ME-NPE,medulla,18+7,TRUE,TRUE,TRUE
NS cell lines derivatives,GCGR-NS49-ME-PTENnull,medulla,18+7,TRUE,FALSE,TRUE
NS cell lines derivatives,GCGR-NS49-ME-TP53null,medulla,18+7,TRUE,FALSE,TRUE
NS cell lines derivatives,GCGR-NS49-ME-NF1null,medulla,18+7,FALSE,FALSE,FALSE
NS cell lines derivatives,GCGR-NS49-CE-PTENnull,cerebellum,18+7,TRUE,TRUE,FALSE
NS cell lines derivatives,GCGR-NS49-CE-EGFvlll,cerebellum,18+7,FALSE,FALSE,FALSE
NS cell lines derivatives,GCGR-NS49-CE-NP,cerebellum,18+7,FALSE,FALSE,TRUE
NS cell lines derivatives,GCGR-NS49-CE-NPE,cerebellum,18+7,FALSE,TRUE,TRUE
NS cell lines derivatives,GCGR-NS49-CE-G56R,cerebellum,18+7,TRUE,FALSE,FALSE
NS cell lines derivatives,GCGR-NS49-CE-NF1null,cerebellum,18+7,FALSE,FALSE,FALSE
NS cell lines derivatives,GCGR-NS49-MB-PTENnull,midbrain,18+7,FALSE,TRUE,TRUE
NS cell lines derivatives,GCGR-NS49-MB-NF1null,midbrain,18+7,FALSE,FALSE,FALSE
NS cell lines derivatives,GCGR-NS49-MB-G56R,midbrain,18+7,FALSE,FALSE,TRUE
NS cell lines derivatives,GCGR-NS49-DI-NP,diencephalon,18+7,TRUE,TRUE,FALSE
NS cell lines derivatives,GCGR-NS49-FB-G56R,forebrain,18+7,FALSE,TRUE,TRUE
NS cell lines derivatives,GCGR-NS49-FB-NP,forebrain,18+7,TRUE,FALSE,TRUE
NS cell lines derivatives,GCGR-NS49-FB-PTENnull,forebrain,18+7,TRUE,TRUE,TRUE
NS cell lines derivatives,GCGR-NS49-HB-TP53null,hindbrain,18+7,TRUE,TRUE,TRUE
NS cell lines derivatives,GCGR-NS49-SC-EGFvlll,spinal cord,18+7,FALSE,FALSE,TRUE
NS cell lines derivatives,GCGR-NS49-SC-G56R,spinal cord,18+7,FALSE,TRUE,TRUE
NS cell lines derivatives,GCGR-NS49-SC-NP,spinal cord,18+7,FALSE,FALSE,TRUE
NS cell lines derivatives,GCGR-NS50-FB-NP,forebrain,18+2,TRUE,TRUE,FALSE
NS cell lines derivatives,GCGR-NS50-HB-TP53null,hindbrain,18+2,FALSE,FALSE,TRUE
NS cell lines derivatives,GCGR-NS50-HB-EGFvlll,hindbrain,18+2,TRUE,TRUE,FALSE
NS cell lines derivatives,GCGR-NS50-HB-NF1null,hindbrain,18+2,TRUE,TRUE,TRUE
NS cell lines derivatives,GCGR-NS50-HB-PTENnull,hindbrain,18+2,TRUE,FALSE,TRUE
NS cell lines derivatives,GCGR-NS50-HB-NP,hindbrain,18+2,TRUE,FALSE,TRUE
NS cell lines derivatives,GCGR-NS50-HB-G56R,hindbrain,18+2,TRUE,FALSE,FALSE
NS cell lines derivatives,GCGR-NS50-HB-NPE,hindbrain,18+2,TRUE,TRUE,FALSE
